company_id,company_name,short_description,medical_relevance_score,side_job_fit_score,career_shift_fit_score,hybrid_fit_score,industry,work_style,risk_level,learning_growth_score,target_background,note_for_coach,raw_medical_keywords,raw_medical_domains,raw_total_medical_score,raw_medical_keywords,raw_medical_domains,raw_total_medical_score
1,PHC,医療機器の開発・製造を行い、医療現場で使われる製品を提供しています。,100,90,30,60,医療機器メーカー,,30,80,機械設計;臨床経験者;品質管理,,"医療,患者,臨床,介護,ヘルスケア,医療機器,診断,検査","医療機器メーカー,介護・福祉",117,"医療,患者,臨床,介護,ヘルスケア,医療機器,診断,検査","医療機器メーカー,介護・福祉",117
2,ウィーメックス,医療・ヘルスケア分野に関連する事業を展開し、医療や生活者の健康を支援する企業です。,31,45,75,60,その他医療関連,,45,45,医療関連経験者;業界未経験者歓迎,,,,12,,,12
3,Ubie,医療・ヘルスケア分野に関連する事業を展開し、医療や生活者の健康を支援する企業です。,31,45,75,60,その他医療関連,,45,45,医療関連経験者;業界未経験者歓迎,,,,12,,,12
4,メドレー,医療×IT領域でシステムやデータサービスを提供し、医療現場の業務効率化を支援しています。,87,90,30,60,医療IT・医療データ,,20,80,ITエンジニア;医療現場経験者;データサイエンティスト,,"医療,オンライン診療",,30,"医療,オンライン診療",,30
5,エムスリー,医療・ヘルスケア分野に関連する事業を展開し、医療や生活者の健康を支援する企業です。,31,45,75,60,その他医療関連,,45,45,医療関連経験者;業界未経験者歓迎,,,,12,,,12
6,オリンパス,医療・ヘルスケア分野に関連する事業を展開し、医療や生活者の健康を支援する企業です。,31,45,75,60,その他医療関連,,45,45,医療関連経験者;業界未経験者歓迎,,,,12,,,12
7,富士フイルムメディカル,医療機器の開発・製造を行い、医療現場で使われる製品を提供しています。,98,90,30,60,医療機器メーカー,,30,80,機械設計;臨床経験者;品質管理,,"医療,臨床,ヘルスケア,診断,検査,画像診断",,81,"医療,臨床,ヘルスケア,診断,検査,画像診断",,81
8,GEヘルスケア,医療・ヘルスケア分野に関連する事業を展開し、医療や生活者の健康を支援する企業です。,80,75,40,57,その他医療関連,,35,80,医療関連経験者;業界未経験者歓迎,,,,18,,,18
9,シーメンスヘルスケア,医療機器の開発・製造を行い、医療現場で使われる製品を提供しています。,96,90,30,60,医療機器メーカー,,30,80,機械設計;臨床経験者;品質管理,,"医療,ヘルスケア,診断,画像診断",,63,"医療,ヘルスケア,診断,画像診断",,63
10,日本光電,医療機器の開発・製造を行い、医療現場で使われる製品を提供しています。,93,90,30,60,医療機器メーカー,,30,80,機械設計;臨床経験者;品質管理,,"医療,医療機器",医療機器メーカー,36,"医療,医療機器",医療機器メーカー,36
11,テルモ,医療・ヘルスケア分野に関連する事業を展開し、医療や生活者の健康を支援する企業です。,31,45,75,60,その他医療関連,,45,45,医療関連経験者;業界未経験者歓迎,,,,12,,,12
12,島津製作所,医療・ヘルスケア分野に関連する事業を展開し、医療や生活者の健康を支援する企業です。,31,45,75,60,その他医療関連,,45,45,医療関連経験者;業界未経験者歓迎,,,,12,,,12
13,コニカミノルタ,医療・ヘルスケア分野に関連する事業を展開し、医療や生活者の健康を支援する企業です。,31,45,75,60,その他医療関連,,45,45,医療関連経験者;業界未経験者歓迎,,,,12,,,12
14,パナソニックヘルスケア,医療・ヘルスケア分野に関連する事業を展開し、医療や生活者の健康を支援する企業です。,80,75,40,57,その他医療関連,,35,80,医療関連経験者;業界未経験者歓迎,,,,18,,,18
15,ホシザキ,医療・ヘルスケア分野に関連する事業を展開し、医療や生活者の健康を支援する企業です。,31,45,75,60,その他医療関連,,45,45,医療関連経験者;業界未経験者歓迎,,,,12,,,12
16,フクダ電子,医療機器の開発・製造を行い、医療現場で使われる製品を提供しています。,94,90,30,60,医療機器メーカー,,30,80,機械設計;臨床経験者;品質管理,,"医療,患者,医療機器",医療機器メーカー,42,"医療,患者,医療機器",医療機器メーカー,42
17,アトムメディカル,医療・ヘルスケア分野に関連する事業を展開し、医療や生活者の健康を支援する企業です。,80,75,40,57,その他医療関連,,35,80,医療関連経験者;業界未経験者歓迎,,,,18,,,18
18,ニプロ,医療機器の開発・製造を行い、医療現場で使われる製品を提供しています。,93,90,30,60,医療機器メーカー,,30,80,機械設計;臨床経験者;品質管理,,"医療,医療機器",医療機器メーカー,36,"医療,医療機器",医療機器メーカー,36
19,オムロンヘルスケア,医療・ヘルスケア分野に関連する事業を展開し、医療や生活者の健康を支援する企業です。,80,75,40,57,その他医療関連,,35,80,医療関連経験者;業界未経験者歓迎,,,,18,,,18
20,フィリップス,医療機器の開発・製造を行い、医療現場で使われる製品を提供しています。,93,90,30,60,医療機器メーカー,,30,80,機械設計;臨床経験者;品質管理,,"医療,医療機器",医療機器メーカー,36,"医療,医療機器",医療機器メーカー,36
21,メディキット,医療・ヘルスケア分野に関連する事業を展開し、医療や生活者の健康を支援する企業です。,31,45,75,60,その他医療関連,,45,45,医療関連経験者;業界未経験者歓迎,,,,12,,,12
22,朝日インテック,医療機器の開発・製造を行い、医療現場で使われる製品を提供しています。,98,90,30,60,医療機器メーカー,,30,80,機械設計;臨床経験者;品質管理,,"医療,臨床,ヘルスケア,医療機器,検査",医療機器メーカー,81,"医療,臨床,ヘルスケア,医療機器,検査",医療機器メーカー,81
23,日本メドトロニック,医療・ヘルスケア分野に関連する事業を展開し、医療や生活者の健康を支援する企業です。,93,90,30,60,その他医療関連,,35,80,医療関連経験者;業界未経験者歓迎,,"医療,患者,ヘルスケア",,36,"医療,患者,ヘルスケア",,36
24,ボストン・サイエンティフィック,医療機器の開発・製造を行い、医療現場で使われる製品を提供しています。,94,90,30,60,医療機器メーカー,,30,80,機械設計;臨床経験者;品質管理,,"医療,患者,医療機器",医療機器メーカー,42,"医療,患者,医療機器",医療機器メーカー,42
25,ジョンソン・エンド・ジョンソン メディカル,医療・ヘルスケア分野に関連する事業を展開し、医療や生活者の健康を支援する企業です。,80,75,40,57,その他医療関連,,35,80,医療関連経験者;業界未経験者歓迎,,,,18,,,18
26,泉工医科工業,医療・ヘルスケア分野に関連する事業を展開し、医療や生活者の健康を支援する企業です。,31,45,75,60,その他医療関連,,45,45,医療関連経験者;業界未経験者歓迎,,,,12,,,12
27,タカラベルモント,医療機器の開発・製造を行い、医療現場で使われる製品を提供しています。,93,90,30,60,医療機器メーカー,,30,80,機械設計;臨床経験者;品質管理,,"医療,医療機器",医療機器メーカー,36,"医療,医療機器",医療機器メーカー,36
28,ミナト医科学,医療機器の開発・製造を行い、医療現場で使われる製品を提供しています。,94,90,30,60,医療機器メーカー,,30,80,機械設計;臨床経験者;品質管理,,"医療,患者,医療機器",医療機器メーカー,42,"医療,患者,医療機器",医療機器メーカー,42
29,ケイセイ医科工業,医療・ヘルスケア分野に関連する事業を展開し、医療や生活者の健康を支援する企業です。,31,45,75,60,その他医療関連,,45,45,医療関連経験者;業界未経験者歓迎,,,,12,,,12
30,瑞穂医科工業,医療機器の開発・製造を行い、医療現場で使われる製品を提供しています。,93,90,30,60,医療機器メーカー,,30,80,機械設計;臨床経験者;品質管理,,"医療,医療機器",医療機器メーカー,36,"医療,医療機器",医療機器メーカー,36
31,カイインダストリーズ,医療・ヘルスケア分野に関連する事業を展開し、医療や生活者の健康を支援する企業です。,31,45,75,60,その他医療関連,,45,45,医療関連経験者;業界未経験者歓迎,,,,12,,,12
32,シスメックス,医療・ヘルスケア分野に関連する事業を展開し、医療や生活者の健康を支援する企業です。,31,45,75,60,その他医療関連,,45,45,医療関連経験者;業界未経験者歓迎,,,,12,,,12
33,アズワン,医療・ヘルスケア分野に関連する事業を展開し、医療や生活者の健康を支援する企業です。,87,90,30,60,介護・福祉,,35,80,医療関連経験者;業界未経験者歓迎,,"医療,看護",,30,"医療,看護",,30
34,サクラ精機,医療・ヘルスケア分野に関連する事業を展開し、医療や生活者の健康を支援する企業です。,31,45,75,60,その他医療関連,,45,45,医療関連経験者;業界未経験者歓迎,,,,12,,,12
35,日本ストライカー,医療・ヘルスケア分野に関連する事業を展開し、医療や生活者の健康を支援する企業です。,31,45,75,60,その他医療関連,,45,45,医療関連経験者;業界未経験者歓迎,,,,12,,,12
36,平和物産,医療機器の開発・製造を行い、医療現場で使われる製品を提供しています。,93,90,30,60,医療機器メーカー,,30,80,機械設計;臨床経験者;品質管理,,"医療,医療機器",医療機器メーカー,36,"医療,医療機器",医療機器メーカー,36
37,日本エア・リキード,医療・ヘルスケア分野に関連する事業を展開し、医療や生活者の健康を支援する企業です。,31,45,75,60,その他医療関連,,45,45,医療関連経験者;業界未経験者歓迎,,,,12,,,12
38,日本ベクトン・ディッキンソン,医療・ヘルスケア分野に関連する事業を展開し、医療や生活者の健康を支援する企業です。,31,45,75,60,その他医療関連,,45,45,医療関連経験者;業界未経験者歓迎,,,,12,,,12
39,日本クレア,医療・ヘルスケア分野に関連する事業を展開し、医療や生活者の健康を支援する企業です。,31,45,75,60,その他医療関連,,45,45,医療関連経験者;業界未経験者歓迎,,,,12,,,12
40,日本コヴィディエン,医療・ヘルスケア分野に関連する事業を展開し、医療や生活者の健康を支援する企業です。,93,90,30,60,その他医療関連,,35,80,医療関連経験者;業界未経験者歓迎,,"医療,患者,ヘルスケア",,36,"医療,患者,ヘルスケア",,36
41,日本アルコン,医療・ヘルスケア分野に関連する事業を展開し、医療や生活者の健康を支援する企業です。,31,45,75,60,その他医療関連,,45,45,医療関連経験者;業界未経験者歓迎,,,,12,,,12
42,日本ケミカルリサーチ,医療・ヘルスケア分野に関連する事業を展開し、医療や生活者の健康を支援する企業です。,31,45,75,60,その他医療関連,,45,45,医療関連経験者;業界未経験者歓迎,,,,12,,,12
43,日本ライフライン,医療・ヘルスケア分野に関連する事業を展開し、医療や生活者の健康を支援する企業です。,31,45,75,60,その他医療関連,,45,45,医療関連経験者;業界未経験者歓迎,,,,12,,,12
44,日本シグマックス,医療・ヘルスケア分野に関連する事業を展開し、医療や生活者の健康を支援する企業です。,31,45,75,60,その他医療関連,,45,45,医療関連経験者;業界未経験者歓迎,,,,12,,,12
45,日本バイリーン,医療・ヘルスケア分野に関連する事業を展開し、医療や生活者の健康を支援する企業です。,31,45,75,60,その他医療関連,,45,45,医療関連経験者;業界未経験者歓迎,,,,12,,,12
46,日本メディカルプロダクツ,医療・ヘルスケア分野に関連する事業を展開し、医療や生活者の健康を支援する企業です。,80,75,40,57,その他医療関連,,35,80,医療関連経験者;業界未経験者歓迎,,,,18,,,18
47,日本医療機器開発機構,医療機器の開発・製造を行い、医療現場で使われる製品を提供しています。,97,90,30,60,医療IT・医療データ,,20,80,機械設計;臨床経験者;品質管理,,"医療,ヘルスケア,検査,医療データ",医療データ・AI,72,"医療,ヘルスケア,検査,医療データ",医療データ・AI,72
48,日本医療機器テクノロジー,医療・ヘルスケア分野に関連する事業を展開し、医療や生活者の健康を支援する企業です。,80,75,40,57,医療機器メーカー,,30,80,機械設計;臨床経験者;品質管理,,,,18,,,18
49,日本医療機器販売協会,医療・ヘルスケア分野に関連する事業を展開し、医療や生活者の健康を支援する企業です。,80,75,40,57,医療機器メーカー,,30,80,機械設計;臨床経験者;品質管理,,,,18,,,18
50,日本医療機器産業連合会,医療・ヘルスケア分野に関連する事業を展開し、医療や生活者の健康を支援する企業です。,80,75,40,57,医療機器メーカー,,30,80,機械設計;臨床経験者;品質管理,,,,18,,,18
51,日本医療機器総合研究所,医療・ヘルスケア分野に関連する事業を展開し、医療や生活者の健康を支援する企業です。,80,75,40,57,医療機器メーカー,,30,80,機械設計;臨床経験者;品質管理,,,,18,,,18
52,日本医療機器センター,医療・ヘルスケア分野に関連する事業を展開し、医療や生活者の健康を支援する企業です。,80,75,40,57,医療機器メーカー,,30,80,機械設計;臨床経験者;品質管理,,,,18,,,18
53,日本医療機器協会,医療・ヘルスケア分野に関連する事業を展開し、医療や生活者の健康を支援する企業です。,80,75,40,57,医療機器メーカー,,30,80,機械設計;臨床経験者;品質管理,,,,18,,,18
54,日本医療機器工業会,医療・ヘルスケア分野に関連する事業を展開し、医療や生活者の健康を支援する企業です。,80,75,40,57,医療機器メーカー,,30,80,機械設計;臨床経験者;品質管理,,,,18,,,18
55,日本医療機器商工会,医療・ヘルスケア分野に関連する事業を展開し、医療や生活者の健康を支援する企業です。,80,75,40,57,医療機器メーカー,,30,80,機械設計;臨床経験者;品質管理,,,,18,,,18
56,日本医療機器技術研究所,医療・ヘルスケア分野に関連する事業を展開し、医療や生活者の健康を支援する企業です。,80,75,40,57,医療機器メーカー,,30,80,機械設計;臨床経験者;品質管理,,,,18,,,18
57,日本医療機器技術協会,医療・ヘルスケア分野に関連する事業を展開し、医療や生活者の健康を支援する企業です。,80,75,40,57,医療機器メーカー,,30,80,機械設計;臨床経験者;品質管理,,,,18,,,18
58,日本医療機器技術センター,医療・ヘルスケア分野に関連する事業を展開し、医療や生活者の健康を支援する企業です。,80,75,40,57,医療機器メーカー,,30,80,機械設計;臨床経験者;品質管理,,,,18,,,18
59,日本医療機器技術開発機構,医療機器の開発・製造を行い、医療現場で使われる製品を提供しています。,97,90,30,60,医療IT・医療データ,,20,80,機械設計;臨床経験者;品質管理,,"医療,ヘルスケア,検査,医療データ",医療データ・AI,72,"医療,ヘルスケア,検査,医療データ",医療データ・AI,72
60,日本医療機器技術振興協会,医療・ヘルスケア分野に関連する事業を展開し、医療や生活者の健康を支援する企業です。,80,75,40,57,医療機器メーカー,,30,80,機械設計;臨床経験者;品質管理,,,,18,,,18
61,日本医療機器技術振興財団,医療・ヘルスケア分野に関連する事業を展開し、医療や生活者の健康を支援する企業です。,80,75,40,57,医療機器メーカー,,30,80,機械設計;臨床経験者;品質管理,,,,18,,,18
62,日本医療機器技術振興センター,医療・ヘルスケア分野に関連する事業を展開し、医療や生活者の健康を支援する企業です。,80,75,40,57,医療機器メーカー,,30,80,機械設計;臨床経験者;品質管理,,,,18,,,18
63,日本医療機器技術振興機構,医療・ヘルスケア分野に関連する事業を展開し、医療や生活者の健康を支援する企業です。,80,75,40,57,医療機器メーカー,,30,80,機械設計;臨床経験者;品質管理,,,,18,,,18
64,日本医療機器技術振興会,医療・ヘルスケア分野に関連する事業を展開し、医療や生活者の健康を支援する企業です。,80,75,40,57,医療機器メーカー,,30,80,機械設計;臨床経験者;品質管理,,,,18,,,18
65,日本医療機器技術振興協議会,医療・ヘルスケア分野に関連する事業を展開し、医療や生活者の健康を支援する企業です。,80,75,40,57,医療機器メーカー,,30,80,機械設計;臨床経験者;品質管理,,,,18,,,18
66,日本医療機器技術振興連盟,医療・ヘルスケア分野に関連する事業を展開し、医療や生活者の健康を支援する企業です。,80,75,40,57,医療機器メーカー,,30,80,機械設計;臨床経験者;品質管理,,,,18,,,18
67,日本医療機器技術振興団体,医療・ヘルスケア分野に関連する事業を展開し、医療や生活者の健康を支援する企業です。,80,75,40,57,医療機器メーカー,,30,80,機械設計;臨床経験者;品質管理,,,,18,,,18
68,日本医療機器技術振興連合,医療・ヘルスケア分野に関連する事業を展開し、医療や生活者の健康を支援する企業です。,80,75,40,57,医療機器メーカー,,30,80,機械設計;臨床経験者;品質管理,,,,18,,,18
69,日本医療機器技術振興連絡会,医療・ヘルスケア分野に関連する事業を展開し、医療や生活者の健康を支援する企業です。,80,75,40,57,医療機器メーカー,,30,80,機械設計;臨床経験者;品質管理,,,,18,,,18
70,日本医療機器技術振興連絡協議会,医療・ヘルスケア分野に関連する事業を展開し、医療や生活者の健康を支援する企業です。,80,75,40,57,医療機器メーカー,,30,80,機械設計;臨床経験者;品質管理,,,,18,,,18
71,日本医療機器技術振興連絡機構,医療・ヘルスケア分野に関連する事業を展開し、医療や生活者の健康を支援する企業です。,80,75,40,57,医療機器メーカー,,30,80,機械設計;臨床経験者;品質管理,,,,18,,,18
72,日本医療機器技術振興連絡財団,医療・ヘルスケア分野に関連する事業を展開し、医療や生活者の健康を支援する企業です。,80,75,40,57,医療機器メーカー,,30,80,機械設計;臨床経験者;品質管理,,,,18,,,18
73,日本医療機器技術振興連絡センター,医療・ヘルスケア分野に関連する事業を展開し、医療や生活者の健康を支援する企業です。,80,75,40,57,医療機器メーカー,,30,80,機械設計;臨床経験者;品質管理,,,,18,,,18
74,日本医療機器技術振興連絡協会,医療・ヘルスケア分野に関連する事業を展開し、医療や生活者の健康を支援する企業です。,80,75,40,57,医療機器メーカー,,30,80,機械設計;臨床経験者;品質管理,,,,18,,,18
75,日本医療機器技術振興連絡連盟,医療・ヘルスケア分野に関連する事業を展開し、医療や生活者の健康を支援する企業です。,80,75,40,57,医療機器メーカー,,30,80,機械設計;臨床経験者;品質管理,,,,18,,,18
76,日本医療機器技術振興連絡団体,医療・ヘルスケア分野に関連する事業を展開し、医療や生活者の健康を支援する企業です。,80,75,40,57,医療機器メーカー,,30,80,機械設計;臨床経験者;品質管理,,,,18,,,18
77,日本医療機器技術振興連絡連合,医療・ヘルスケア分野に関連する事業を展開し、医療や生活者の健康を支援する企業です。,80,75,40,57,医療機器メーカー,,30,80,機械設計;臨床経験者;品質管理,,,,18,,,18
78,日本医療機器技術振興連絡連絡会,医療・ヘルスケア分野に関連する事業を展開し、医療や生活者の健康を支援する企業です。,80,75,40,57,医療機器メーカー,,30,80,機械設計;臨床経験者;品質管理,,,,18,,,18
79,日本医療機器技術振興連絡連絡協議会,医療・ヘルスケア分野に関連する事業を展開し、医療や生活者の健康を支援する企業です。,80,75,40,57,医療機器メーカー,,30,80,機械設計;臨床経験者;品質管理,,,,18,,,18
80,MICIN,医療機器の開発・製造を行い、医療現場で使われる製品を提供しています。,99,90,30,60,医療IT・医療データ,,20,80,機械設計;臨床経験者;品質管理,,"医療,患者,臨床,医療機器,診断,オンライン診療,医療データ","医療機器メーカー,医療データ・AI",108,"医療,患者,臨床,医療機器,診断,オンライン診療,医療データ","医療機器メーカー,医療データ・AI",108
81,メディカルノート,医療・ヘルスケア分野に関連する事業を展開し、医療や生活者の健康を支援する企業です。,80,75,40,57,その他医療関連,,35,80,医療関連経験者;業界未経験者歓迎,,,,18,,,18
82,カケハシ,医療・ヘルスケア分野に関連する事業を展開し、医療や生活者の健康を支援する企業です。,31,45,75,60,その他医療関連,,45,45,医療関連経験者;業界未経験者歓迎,,,,12,,,12
83,メディカルフォース,医療・ヘルスケア分野に関連する事業を展開し、医療や生活者の健康を支援する企業です。,80,75,40,57,その他医療関連,,35,80,医療関連経験者;業界未経験者歓迎,,,,18,,,18
84,ドクターメイト,医療×IT領域でシステムやデータサービスを提供し、医療現場の業務効率化を支援しています。,98,90,30,60,医療IT・医療データ,,20,80,ITエンジニア;医療現場経験者;データサイエンティスト,,"医療,看護,介護,医療情報,オンライン診療",介護・福祉,81,"医療,看護,介護,医療情報,オンライン診療",介護・福祉,81
85,エムスリーデジタルコミュニケーションズ,医療・ヘルスケア分野に関連する事業を展開し、医療や生活者の健康を支援する企業です。,31,45,75,60,その他医療関連,,45,45,医療関連経験者;業界未経験者歓迎,,,,12,,,12
86,メディカルデータビジョン,医療×IT領域でシステムやデータサービスを提供し、医療現場の業務効率化を支援しています。,96,90,30,60,医療IT・医療データ,,20,80,ITエンジニア;医療現場経験者;データサイエンティスト,,"医療,患者,看護,オンライン診療",,63,"医療,患者,看護,オンライン診療",,63
87,JMDC,医療機器の開発・製造を行い、医療現場で使われる製品を提供しています。,97,90,30,60,医療IT・医療データ,,20,80,機械設計;臨床経験者;品質管理,,"医療,ヘルスケア,検査,医療データ",医療データ・AI,72,"医療,ヘルスケア,検査,医療データ",医療データ・AI,72
88,レイヤード,介護・福祉サービスを提供し、高齢者支援や在宅ケアの現場に関わる事業を展開しています。,97,90,30,60,介護・福祉,,35,80,介護職;看護師;福祉系経験者,,"医療,患者,介護,医療SaaS",介護・福祉,72,"医療,患者,介護,医療SaaS",介護・福祉,72
89,アルム,介護・福祉サービスを提供し、高齢者支援や在宅ケアの現場に関わる事業を展開しています。,97,90,30,60,介護・福祉,,35,80,介護職;看護師;福祉系経験者,,"医療,介護,ヘルスケア,診断",介護・福祉,72,"医療,介護,ヘルスケア,診断",介護・福祉,72
90,CureApp,医療・ヘルスケア分野に関連する事業を展開し、医療や生活者の健康を支援する企業です。,31,45,75,60,その他医療関連,,45,45,医療関連経験者;業界未経験者歓迎,,,,12,,,12
91,Welby,医療・ヘルスケア分野に関連する事業を展開し、医療や生活者の健康を支援する企業です。,31,45,75,60,その他医療関連,,45,45,医療関連経験者;業界未経験者歓迎,,,,12,,,12
92,メディカルAIプラットフォーム,医療・ヘルスケア分野に関連する事業を展開し、医療や生活者の健康を支援する企業です。,80,75,40,57,その他医療関連,,35,80,医療関連経験者;業界未経験者歓迎,,,,18,,,18
93,メディカルシステムネットワーク,医療・ヘルスケア分野に関連する事業を展開し、医療や生活者の健康を支援する企業です。,80,75,40,57,医療IT・医療データ,,20,80,ITエンジニア;医療現場経験者;データサイエンティスト,,,,18,,,18
94,ドクターズプライム,医療・ヘルスケア分野に関連する事業を展開し、医療や生活者の健康を支援する企業です。,31,45,75,60,その他医療関連,,45,45,医療関連経験者;業界未経験者歓迎,,,,12,,,12
95,メディカルチェックスタジオ,医療・ヘルスケア分野に関連する事業を展開し、医療や生活者の健康を支援する企業です。,80,75,40,57,その他医療関連,,35,80,医療関連経験者;業界未経験者歓迎,,,,18,,,18
96,メディカル・ケア・サービス,介護・福祉サービスを提供し、高齢者支援や在宅ケアの現場に関わる事業を展開しています。,87,90,30,60,介護・福祉,,35,80,介護職;看護師;福祉系経験者,,介護,介護・福祉,30,介護,介護・福祉,30
97,メディカルリソース,医療・ヘルスケア分野に関連する事業を展開し、医療や生活者の健康を支援する企業です。,80,75,40,57,その他医療関連,,35,80,医療関連経験者;業界未経験者歓迎,,,,18,,,18
98,メディカルコンシェルジュ,介護・福祉サービスを提供し、高齢者支援や在宅ケアの現場に関わる事業を展開しています。,87,90,30,60,介護・福祉,,35,80,介護職;看護師;福祉系経験者,,介護,介護・福祉,30,介護,介護・福祉,30
99,メディカルサポート,医療・ヘルスケア分野に関連する事業を展開し、医療や生活者の健康を支援する企業です。,93,90,30,60,介護・福祉,,35,80,医療関連経験者;業界未経験者歓迎,,"医療,患者,看護",,36,"医療,患者,看護",,36
100,メディカルリンク,医療機器の開発・製造を行い、医療現場で使われる製品を提供しています。,96,90,30,60,医療機器メーカー,,30,80,機械設計;臨床経験者;品質管理,,"医療,臨床,看護,検査",,63,"医療,臨床,看護,検査",,63
101,メディカルアーク,医療機器の開発・製造を行い、医療現場で使われる製品を提供しています。,83,75,40,57,医療機器メーカー,,30,80,機械設計;臨床経験者;品質管理,,検査,,24,検査,,24
102,メディカルシステム研究所,医療・ヘルスケア分野に関連する事業を展開し、医療や生活者の健康を支援する企業です。,80,75,40,57,医療IT・医療データ,,20,80,ITエンジニア;医療現場経験者;データサイエンティスト,,,,18,,,18
103,メディカルアシスト,医療・ヘルスケア分野に関連する事業を展開し、医療や生活者の健康を支援する企業です。,80,75,40,57,その他医療関連,,35,80,医療関連経験者;業界未経験者歓迎,,,,18,,,18
104,メディカルアドバンス,医療・ヘルスケア分野に関連する事業を展開し、医療や生活者の健康を支援する企業です。,80,75,40,57,その他医療関連,,35,80,医療関連経験者;業界未経験者歓迎,,,,18,,,18
105,メディカルサーブ,医療・ヘルスケア分野に関連する事業を展開し、医療や生活者の健康を支援する企業です。,80,75,40,57,その他医療関連,,35,80,医療関連経験者;業界未経験者歓迎,,,,18,,,18
106,メディカルネット,医療・ヘルスケア分野に関連する事業を展開し、医療や生活者の健康を支援する企業です。,80,75,40,57,その他医療関連,,35,80,医療関連経験者;業界未経験者歓迎,,,,18,,,18
107,メディカルパートナー,医療・ヘルスケア分野に関連する事業を展開し、医療や生活者の健康を支援する企業です。,80,75,40,57,その他医療関連,,35,80,医療関連経験者;業界未経験者歓迎,,,,18,,,18
108,メディカルクリエイト,医療・ヘルスケア分野に関連する事業を展開し、医療や生活者の健康を支援する企業です。,80,75,40,57,その他医療関連,,35,80,医療関連経験者;業界未経験者歓迎,,,,18,,,18
109,メディカルブレイン,医療・ヘルスケア分野に関連する事業を展開し、医療や生活者の健康を支援する企業です。,80,75,40,57,その他医療関連,,35,80,医療関連経験者;業界未経験者歓迎,,,,18,,,18
110,メディカルクラウド,医療・ヘルスケア分野に関連する事業を展開し、医療や生活者の健康を支援する企業です。,80,75,40,57,その他医療関連,,35,80,医療関連経験者;業界未経験者歓迎,,,,18,,,18
111,メディカルデザイン,医療・ヘルスケア分野に関連する事業を展開し、医療や生活者の健康を支援する企業です。,80,75,40,57,その他医療関連,,35,80,医療関連経験者;業界未経験者歓迎,,,,18,,,18
112,メディカルエージェンシー,医療・ヘルスケア分野に関連する事業を展開し、医療や生活者の健康を支援する企業です。,80,75,40,57,その他医療関連,,35,80,医療関連経験者;業界未経験者歓迎,,,,18,,,18
113,メディカルアライアンス,医療・ヘルスケア分野に関連する事業を展開し、医療や生活者の健康を支援する企業です。,80,75,40,57,その他医療関連,,35,80,医療関連経験者;業界未経験者歓迎,,,,18,,,18
114,メディカルソリューションズ,医療・ヘルスケア分野に関連する事業を展開し、医療や生活者の健康を支援する企業です。,80,75,40,57,その他医療関連,,35,80,医療関連経験者;業界未経験者歓迎,,,,18,,,18
115,メディカルサイエンス,医療・ヘルスケア分野に関連する事業を展開し、医療や生活者の健康を支援する企業です。,80,75,40,57,その他医療関連,,35,80,医療関連経験者;業界未経験者歓迎,,,,18,,,18
116,メディカルテクノロジーズ,医療・ヘルスケア分野に関連する事業を展開し、医療や生活者の健康を支援する企業です。,80,75,40,57,その他医療関連,,35,80,医療関連経験者;業界未経験者歓迎,,,,18,,,18
117,メディカルプラットフォーム,医療・ヘルスケア分野に関連する事業を展開し、医療や生活者の健康を支援する企業です。,80,75,40,57,その他医療関連,,35,80,医療関連経験者;業界未経験者歓迎,,,,18,,,18
118,メディカルアプリケーションズ,医療・ヘルスケア分野に関連する事業を展開し、医療や生活者の健康を支援する企業です。,80,75,40,57,その他医療関連,,35,80,医療関連経験者;業界未経験者歓迎,,,,18,,,18
119,メディカルデジタル,医療・ヘルスケア分野に関連する事業を展開し、医療や生活者の健康を支援する企業です。,80,75,40,57,その他医療関連,,35,80,医療関連経験者;業界未経験者歓迎,,,,18,,,18
120,メディカルイノベーション,医療・ヘルスケア分野に関連する事業を展開し、医療や生活者の健康を支援する企業です。,80,75,40,57,その他医療関連,,35,80,医療関連経験者;業界未経験者歓迎,,,,18,,,18
121,メディカルアナリティクス,医療・ヘルスケア分野に関連する事業を展開し、医療や生活者の健康を支援する企業です。,80,75,40,57,その他医療関連,,35,80,医療関連経験者;業界未経験者歓迎,,,,18,,,18
122,メディカルデータラボ,医療・ヘルスケア分野に関連する事業を展開し、医療や生活者の健康を支援する企業です。,80,75,40,57,医療IT・医療データ,,20,80,ITエンジニア;医療現場経験者;データサイエンティスト,,,,18,,,18
123,メディカルAI研究所,医療・ヘルスケア分野に関連する事業を展開し、医療や生活者の健康を支援する企業です。,80,75,40,57,その他医療関連,,35,80,医療関連経験者;業界未経験者歓迎,,,,18,,,18
124,メディカルDX研究所,医療・ヘルスケア分野に関連する事業を展開し、医療や生活者の健康を支援する企業です。,80,75,40,57,医療IT・医療データ,,20,80,ITエンジニア;医療現場経験者;データサイエンティスト,,,,18,,,18
125,メディカルクラウドサービス,医療・ヘルスケア分野に関連する事業を展開し、医療や生活者の健康を支援する企業です。,80,75,40,57,その他医療関連,,35,80,医療関連経験者;業界未経験者歓迎,,,,18,,,18
126,メディカルデータサービス,医療・ヘルスケア分野に関連する事業を展開し、医療や生活者の健康を支援する企業です。,80,75,40,57,医療IT・医療データ,,20,80,ITエンジニア;医療現場経験者;データサイエンティスト,,,,18,,,18
127,メディカルソフトウェア,医療・ヘルスケア分野に関連する事業を展開し、医療や生活者の健康を支援する企業です。,80,75,40,57,その他医療関連,,35,80,医療関連経験者;業界未経験者歓迎,,,,18,,,18
128,メディカルアプリ研究所,医療・ヘルスケア分野に関連する事業を展開し、医療や生活者の健康を支援する企業です。,80,75,40,57,その他医療関連,,35,80,医療関連経験者;業界未経験者歓迎,,,,18,,,18
129,メディカルデータリンク,医療・ヘルスケア分野に関連する事業を展開し、医療や生活者の健康を支援する企業です。,80,75,40,57,医療IT・医療データ,,20,80,ITエンジニア;医療現場経験者;データサイエンティスト,,,,18,,,18
130,メディカルデータソリューション,医療・ヘルスケア分野に関連する事業を展開し、医療や生活者の健康を支援する企業です。,80,75,40,57,医療IT・医療データ,,20,80,ITエンジニア;医療現場経験者;データサイエンティスト,,,,18,,,18
131,メディカルデータテクノロジー,医療・ヘルスケア分野に関連する事業を展開し、医療や生活者の健康を支援する企業です。,80,75,40,57,医療IT・医療データ,,20,80,ITエンジニア;医療現場経験者;データサイエンティスト,,,,18,,,18
132,メディカルデータプラットフォーム,医療・ヘルスケア分野に関連する事業を展開し、医療や生活者の健康を支援する企業です。,80,75,40,57,医療IT・医療データ,,20,80,ITエンジニア;医療現場経験者;データサイエンティスト,,,,18,,,18
133,メディカルデータエンジン,医療・ヘルスケア分野に関連する事業を展開し、医療や生活者の健康を支援する企業です。,80,75,40,57,医療IT・医療データ,,20,80,ITエンジニア;医療現場経験者;データサイエンティスト,,,,18,,,18
134,メディカルデータアナリティクス,医療・ヘルスケア分野に関連する事業を展開し、医療や生活者の健康を支援する企業です。,80,75,40,57,医療IT・医療データ,,20,80,ITエンジニア;医療現場経験者;データサイエンティスト,,,,18,,,18
135,メディカルデータAI,医療・ヘルスケア分野に関連する事業を展開し、医療や生活者の健康を支援する企業です。,80,75,40,57,医療IT・医療データ,,20,80,ITエンジニア;医療現場経験者;データサイエンティスト,,,,18,,,18
136,メディカルデータクラウド,医療・ヘルスケア分野に関連する事業を展開し、医療や生活者の健康を支援する企業です。,80,75,40,57,医療IT・医療データ,,20,80,ITエンジニア;医療現場経験者;データサイエンティスト,,,,18,,,18
137,メディカルデータラボラトリー,医療・ヘルスケア分野に関連する事業を展開し、医療や生活者の健康を支援する企業です。,80,75,40,57,医療IT・医療データ,,20,80,ITエンジニア;医療現場経験者;データサイエンティスト,,,,18,,,18
138,メディカルデータバンク,医療・ヘルスケア分野に関連する事業を展開し、医療や生活者の健康を支援する企業です。,80,75,40,57,医療IT・医療データ,,20,80,ITエンジニア;医療現場経験者;データサイエンティスト,,,,18,,,18
139,メディカルデータセンター,医療・ヘルスケア分野に関連する事業を展開し、医療や生活者の健康を支援する企業です。,80,75,40,57,医療IT・医療データ,,20,80,ITエンジニア;医療現場経験者;データサイエンティスト,,,,18,,,18
140,メディカルデータファーム,医療・ヘルスケア分野に関連する事業を展開し、医療や生活者の健康を支援する企業です。,80,75,40,57,医療IT・医療データ,,20,80,ITエンジニア;医療現場経験者;データサイエンティスト,,,,18,,,18
141,メディカルデータリンクス,医療・ヘルスケア分野に関連する事業を展開し、医療や生活者の健康を支援する企業です。,80,75,40,57,医療IT・医療データ,,20,80,ITエンジニア;医療現場経験者;データサイエンティスト,,,,18,,,18
142,メディカルデータプロ,医療・ヘルスケア分野に関連する事業を展開し、医療や生活者の健康を支援する企業です。,80,75,40,57,医療IT・医療データ,,20,80,ITエンジニア;医療現場経験者;データサイエンティスト,,,,18,,,18
143,メディカルデータワークス,医療・ヘルスケア分野に関連する事業を展開し、医療や生活者の健康を支援する企業です。,80,75,40,57,医療IT・医療データ,,20,80,ITエンジニア;医療現場経験者;データサイエンティスト,,,,18,,,18
144,メディカルデータエージェンシー,医療・ヘルスケア分野に関連する事業を展開し、医療や生活者の健康を支援する企業です。,80,75,40,57,医療IT・医療データ,,20,80,ITエンジニア;医療現場経験者;データサイエンティスト,,,,18,,,18
145,メディカルデータマーケティング,医療・ヘルスケア分野に関連する事業を展開し、医療や生活者の健康を支援する企業です。,80,75,40,57,医療IT・医療データ,,20,80,ITエンジニア;医療現場経験者;データサイエンティスト,,,,18,,,18
146,メディカルデータコンサルティング,医療・ヘルスケア分野に関連する事業を展開し、医療や生活者の健康を支援する企業です。,80,75,40,57,医療IT・医療データ,,20,80,ITエンジニア;医療現場経験者;データサイエンティスト,,,,18,,,18
147,メディカルデータラボテック,医療・ヘルスケア分野に関連する事業を展開し、医療や生活者の健康を支援する企業です。,80,75,40,57,医療IT・医療データ,,20,80,ITエンジニア;医療現場経験者;データサイエンティスト,,,,18,,,18
148,メディカルデータアーキテクト,医療・ヘルスケア分野に関連する事業を展開し、医療や生活者の健康を支援する企業です。,80,75,40,57,医療IT・医療データ,,20,80,ITエンジニア;医療現場経験者;データサイエンティスト,,,,18,,,18
149,メディカルデータエキスパート,医療・ヘルスケア分野に関連する事業を展開し、医療や生活者の健康を支援する企業です。,80,75,40,57,医療IT・医療データ,,20,80,ITエンジニア;医療現場経験者;データサイエンティスト,,,,18,,,18
150,メディカルデータソリューションズジャパン,医療・ヘルスケア分野に関連する事業を展開し、医療や生活者の健康を支援する企業です。,80,75,40,57,医療IT・医療データ,,20,80,ITエンジニア;医療現場経験者;データサイエンティスト,,,,18,,,18
151,メディカルデータAIソリューション,医療・ヘルスケア分野に関連する事業を展開し、医療や生活者の健康を支援する企業です。,80,75,40,57,医療IT・医療データ,,20,80,ITエンジニア;医療現場経験者;データサイエンティスト,,,,18,,,18
152,メディカルデータDXソリューション,医療・ヘルスケア分野に関連する事業を展開し、医療や生活者の健康を支援する企業です。,80,75,40,57,医療IT・医療データ,,20,80,ITエンジニア;医療現場経験者;データサイエンティスト,,,,18,,,18
153,メディカルデータクラウドソリューション,医療・ヘルスケア分野に関連する事業を展開し、医療や生活者の健康を支援する企業です。,80,75,40,57,医療IT・医療データ,,20,80,ITエンジニア;医療現場経験者;データサイエンティスト,,,,18,,,18
154,メディカルデータAI研究センター,医療・ヘルスケア分野に関連する事業を展開し、医療や生活者の健康を支援する企業です。,80,75,40,57,医療IT・医療データ,,20,80,ITエンジニア;医療現場経験者;データサイエンティスト,,,,18,,,18
155,メディカルデータDX研究センター,医療・ヘルスケア分野に関連する事業を展開し、医療や生活者の健康を支援する企業です。,80,75,40,57,医療IT・医療データ,,20,80,ITエンジニア;医療現場経験者;データサイエンティスト,,,,18,,,18
156,メディカルデータAIプラットフォーム,医療・ヘルスケア分野に関連する事業を展開し、医療や生活者の健康を支援する企業です。,80,75,40,57,医療IT・医療データ,,20,80,ITエンジニア;医療現場経験者;データサイエンティスト,,,,18,,,18
157,メディカルデータDXプラットフォーム,医療・ヘルスケア分野に関連する事業を展開し、医療や生活者の健康を支援する企業です。,80,75,40,57,医療IT・医療データ,,20,80,ITエンジニア;医療現場経験者;データサイエンティスト,,,,18,,,18
158,メディカルデータAIラボ,医療・ヘルスケア分野に関連する事業を展開し、医療や生活者の健康を支援する企業です。,80,75,40,57,医療IT・医療データ,,20,80,ITエンジニア;医療現場経験者;データサイエンティスト,,,,18,,,18
159,メディカルデータDXラボ,医療・ヘルスケア分野に関連する事業を展開し、医療や生活者の健康を支援する企業です。,80,75,40,57,医療IT・医療データ,,20,80,ITエンジニア;医療現場経験者;データサイエンティスト,,,,18,,,18
160,メディカルデータAIソフトウェア,医療・ヘルスケア分野に関連する事業を展開し、医療や生活者の健康を支援する企業です。,80,75,40,57,医療IT・医療データ,,20,80,ITエンジニア;医療現場経験者;データサイエンティスト,,,,18,,,18
161,メディカルデータDXソフトウェア,医療・ヘルスケア分野に関連する事業を展開し、医療や生活者の健康を支援する企業です。,80,75,40,57,医療IT・医療データ,,20,80,ITエンジニア;医療現場経験者;データサイエンティスト,,,,18,,,18
162,メディカルデータAIクラウド,医療・ヘルスケア分野に関連する事業を展開し、医療や生活者の健康を支援する企業です。,80,75,40,57,医療IT・医療データ,,20,80,ITエンジニア;医療現場経験者;データサイエンティスト,,,,18,,,18
163,メディカルデータDXクラウド,医療・ヘルスケア分野に関連する事業を展開し、医療や生活者の健康を支援する企業です。,80,75,40,57,医療IT・医療データ,,20,80,ITエンジニア;医療現場経験者;データサイエンティスト,,,,18,,,18
164,メディカルデータAIサービス,医療・ヘルスケア分野に関連する事業を展開し、医療や生活者の健康を支援する企業です。,80,75,40,57,医療IT・医療データ,,20,80,ITエンジニア;医療現場経験者;データサイエンティスト,,,,18,,,18
165,メディカルデータDXサービス,医療・ヘルスケア分野に関連する事業を展開し、医療や生活者の健康を支援する企業です。,80,75,40,57,医療IT・医療データ,,20,80,ITエンジニア;医療現場経験者;データサイエンティスト,,,,18,,,18
166,メディカルデータAIエンジニアリング,医療・ヘルスケア分野に関連する事業を展開し、医療や生活者の健康を支援する企業です。,80,75,40,57,医療IT・医療データ,,20,80,ITエンジニア;医療現場経験者;データサイエンティスト,,,,18,,,18
167,メディカルデータDXエンジニアリング,医療・ヘルスケア分野に関連する事業を展開し、医療や生活者の健康を支援する企業です。,80,75,40,57,医療IT・医療データ,,20,80,ITエンジニア;医療現場経験者;データサイエンティスト,,,,18,,,18
168,メディカルデータAIソリューションズ,医療・ヘルスケア分野に関連する事業を展開し、医療や生活者の健康を支援する企業です。,80,75,40,57,医療IT・医療データ,,20,80,ITエンジニア;医療現場経験者;データサイエンティスト,,,,18,,,18
169,メディカルデータDXソリューションズ,医療・ヘルスケア分野に関連する事業を展開し、医療や生活者の健康を支援する企業です。,80,75,40,57,医療IT・医療データ,,20,80,ITエンジニア;医療現場経験者;データサイエンティスト,,,,18,,,18
170,ベネッセスタイルケア,医療・ヘルスケア分野に関連する事業を展開し、医療や生活者の健康を支援する企業です。,80,75,40,57,その他医療関連,,35,80,医療関連経験者;業界未経験者歓迎,,,,18,,,18
171,ニチイ学館,介護・福祉サービスを提供し、高齢者支援や在宅ケアの現場に関わる事業を展開しています。,94,90,30,60,介護・福祉,,35,80,介護職;看護師;福祉系経験者,,"医療,介護,ヘルスケア",介護・福祉,42,"医療,介護,ヘルスケア",介護・福祉,42
172,ツクイ,介護・福祉サービスを提供し、高齢者支援や在宅ケアの現場に関わる事業を展開しています。,94,90,30,60,介護・福祉,,35,80,介護職;看護師;福祉系経験者,,"看護,介護,診断",介護・福祉,42,"看護,介護,診断",介護・福祉,42
173,SOMPOケア,介護・福祉サービスを提供し、高齢者支援や在宅ケアの現場に関わる事業を展開しています。,93,90,30,60,介護・福祉,,35,80,介護職;看護師;福祉系経験者,,"看護,介護",介護・福祉,36,"看護,介護",介護・福祉,36
174,パナソニックエイジフリー,医療・ヘルスケア分野に関連する事業を展開し、医療や生活者の健康を支援する企業です。,31,45,75,60,その他医療関連,,45,45,医療関連経験者;業界未経験者歓迎,,,,12,,,12
175,ケア21,医療・ヘルスケア分野に関連する事業を展開し、医療や生活者の健康を支援する企業です。,80,75,40,57,その他医療関連,,35,80,医療関連経験者;業界未経験者歓迎,,,,18,,,18
176,やさしい手,介護・福祉サービスを提供し、高齢者支援や在宅ケアの現場に関わる事業を展開しています。,93,90,30,60,介護・福祉,,35,80,介護職;看護師;福祉系経験者,,"看護,介護",介護・福祉,36,"看護,介護",介護・福祉,36
177,セントケア,医療・ヘルスケア分野に関連する事業を展開し、医療や生活者の健康を支援する企業です。,80,75,40,57,その他医療関連,,35,80,医療関連経験者;業界未経験者歓迎,,,,18,,,18
178,アサヒサンクリーン,医療・ヘルスケア分野に関連する事業を展開し、医療や生活者の健康を支援する企業です。,31,45,75,60,その他医療関連,,45,45,医療関連経験者;業界未経験者歓迎,,,,12,,,12
179,日本介護福祉グループ,医療・ヘルスケア分野に関連する事業を展開し、医療や生活者の健康を支援する企業です。,80,75,40,57,介護・福祉,,35,80,介護職;看護師;福祉系経験者,,,,18,,,18
180,ニチイケアパレス,医療・ヘルスケア分野に関連する事業を展開し、医療や生活者の健康を支援する企業です。,80,75,40,57,その他医療関連,,35,80,医療関連経験者;業界未経験者歓迎,,,,18,,,18
181,ニチイホーム,医療・ヘルスケア分野に関連する事業を展開し、医療や生活者の健康を支援する企業です。,31,45,75,60,その他医療関連,,45,45,医療関連経験者;業界未経験者歓迎,,,,12,,,12
182,チャームケア,介護・福祉サービスを提供し、高齢者支援や在宅ケアの現場に関わる事業を展開しています。,87,90,30,60,介護・福祉,,35,80,介護職;看護師;福祉系経験者,,介護,介護・福祉,30,介護,介護・福祉,30
183,木下の介護,介護・福祉サービスを提供し、高齢者支援や在宅ケアの現場に関わる事業を展開しています。,87,90,30,60,介護・福祉,,35,80,介護職;看護師;福祉系経験者,,介護,介護・福祉,30,介護,介護・福祉,30
184,ヒューマンライフケア,医療・ヘルスケア分野に関連する事業を展開し、医療や生活者の健康を支援する企業です。,80,75,40,57,その他医療関連,,35,80,医療関連経験者;業界未経験者歓迎,,,,18,,,18
185,ALSOK介護,医療・ヘルスケア分野に関連する事業を展開し、医療や生活者の健康を支援する企業です。,80,75,40,57,介護・福祉,,35,80,介護職;看護師;福祉系経験者,,,,18,,,18
186,SOMPOホールディングス介護事業,介護・福祉サービスを提供し、高齢者支援や在宅ケアの現場に関わる事業を展開しています。,93,90,30,60,介護・福祉,,35,80,介護職;看護師;福祉系経験者,,"看護,介護",介護・福祉,36,"看護,介護",介護・福祉,36
187,ベストライフ,介護・福祉サービスを提供し、高齢者支援や在宅ケアの現場に関わる事業を展開しています。,93,90,30,60,介護・福祉,,35,80,介護職;看護師;福祉系経験者,,"看護,介護",介護・福祉,36,"看護,介護",介護・福祉,36
188,ベストケア,医療・ヘルスケア分野に関連する事業を展開し、医療や生活者の健康を支援する企業です。,80,75,40,57,その他医療関連,,35,80,医療関連経験者;業界未経験者歓迎,,,,18,,,18
189,ベストリハ,介護・福祉サービスを提供し、高齢者支援や在宅ケアの現場に関わる事業を展開しています。,94,90,30,60,介護・福祉,,35,80,介護職;看護師;福祉系経験者,,"医療,看護,介護",介護・福祉,42,"医療,看護,介護",介護・福祉,42
190,ベストライフ東日本,医療・ヘルスケア分野に関連する事業を展開し、医療や生活者の健康を支援する企業です。,31,45,75,60,その他医療関連,,45,45,医療関連経験者;業界未経験者歓迎,,,,12,,,12
191,ベストライフ西日本,医療・ヘルスケア分野に関連する事業を展開し、医療や生活者の健康を支援する企業です。,31,45,75,60,その他医療関連,,45,45,医療関連経験者;業界未経験者歓迎,,,,12,,,12
192,ベストケア・パートナーズ,医療・ヘルスケア分野に関連する事業を展開し、医療や生活者の健康を支援する企業です。,80,75,40,57,その他医療関連,,35,80,医療関連経験者;業界未経験者歓迎,,,,18,,,18
193,ベストケアサービス,医療・ヘルスケア分野に関連する事業を展開し、医療や生活者の健康を支援する企業です。,80,75,40,57,その他医療関連,,35,80,医療関連経験者;業界未経験者歓迎,,,,18,,,18
194,ベストケアリンク,医療・ヘルスケア分野に関連する事業を展開し、医療や生活者の健康を支援する企業です。,80,75,40,57,その他医療関連,,35,80,医療関連経験者;業界未経験者歓迎,,,,18,,,18
195,ベストケアネット,医療・ヘルスケア分野に関連する事業を展開し、医療や生活者の健康を支援する企業です。,80,75,40,57,その他医療関連,,35,80,医療関連経験者;業界未経験者歓迎,,,,18,,,18
196,ベストケアプロジェクト,医療・ヘルスケア分野に関連する事業を展開し、医療や生活者の健康を支援する企業です。,80,75,40,57,その他医療関連,,35,80,医療関連経験者;業界未経験者歓迎,,,,18,,,18
197,ベストケアコミュニティ,医療・ヘルスケア分野に関連する事業を展開し、医療や生活者の健康を支援する企業です。,80,75,40,57,その他医療関連,,35,80,医療関連経験者;業界未経験者歓迎,,,,18,,,18
198,ベストケアライフ,医療・ヘルスケア分野に関連する事業を展開し、医療や生活者の健康を支援する企業です。,80,75,40,57,その他医療関連,,35,80,医療関連経験者;業界未経験者歓迎,,,,18,,,18
199,ベストケアシステム,医療・ヘルスケア分野に関連する事業を展開し、医療や生活者の健康を支援する企業です。,80,75,40,57,医療IT・医療データ,,20,80,ITエンジニア;医療現場経験者;データサイエンティスト,,,,18,,,18
200,ベストケアホールディングス,医療・ヘルスケア分野に関連する事業を展開し、医療や生活者の健康を支援する企業です。,80,75,40,57,その他医療関連,,35,80,医療関連経験者;業界未経験者歓迎,,,,18,,,18
201,ベストケアソリューション,医療・ヘルスケア分野に関連する事業を展開し、医療や生活者の健康を支援する企業です。,80,75,40,57,その他医療関連,,35,80,医療関連経験者;業界未経験者歓迎,,,,18,,,18
202,ベストケアマネジメント,医療・ヘルスケア分野に関連する事業を展開し、医療や生活者の健康を支援する企業です。,80,75,40,57,その他医療関連,,35,80,医療関連経験者;業界未経験者歓迎,,,,18,,,18
203,ベストケアプランニング,医療・ヘルスケア分野に関連する事業を展開し、医療や生活者の健康を支援する企業です。,80,75,40,57,その他医療関連,,35,80,医療関連経験者;業界未経験者歓迎,,,,18,,,18
204,ベストケアアシスト,医療・ヘルスケア分野に関連する事業を展開し、医療や生活者の健康を支援する企業です。,80,75,40,57,その他医療関連,,35,80,医療関連経験者;業界未経験者歓迎,,,,18,,,18
205,ベストケアサポート,医療・ヘルスケア分野に関連する事業を展開し、医療や生活者の健康を支援する企業です。,80,75,40,57,その他医療関連,,35,80,医療関連経験者;業界未経験者歓迎,,,,18,,,18
206,ベストケアサービス東日本,医療・ヘルスケア分野に関連する事業を展開し、医療や生活者の健康を支援する企業です。,80,75,40,57,その他医療関連,,35,80,医療関連経験者;業界未経験者歓迎,,,,18,,,18
207,ベストケアサービス西日本,医療・ヘルスケア分野に関連する事業を展開し、医療や生活者の健康を支援する企業です。,80,75,40,57,その他医療関連,,35,80,医療関連経験者;業界未経験者歓迎,,,,18,,,18
208,ベストケアセンター,医療・ヘルスケア分野に関連する事業を展開し、医療や生活者の健康を支援する企業です。,80,75,40,57,その他医療関連,,35,80,医療関連経験者;業界未経験者歓迎,,,,18,,,18
209,ベストケアステーション,医療・ヘルスケア分野に関連する事業を展開し、医療や生活者の健康を支援する企業です。,80,75,40,57,その他医療関連,,35,80,医療関連経験者;業界未経験者歓迎,,,,18,,,18
210,ベストケアホーム,医療・ヘルスケア分野に関連する事業を展開し、医療や生活者の健康を支援する企業です。,80,75,40,57,その他医療関連,,35,80,医療関連経験者;業界未経験者歓迎,,,,18,,,18
211,ベストケアハウス,医療・ヘルスケア分野に関連する事業を展開し、医療や生活者の健康を支援する企業です。,80,75,40,57,その他医療関連,,35,80,医療関連経験者;業界未経験者歓迎,,,,18,,,18
212,ベストケアライフサポート,医療・ヘルスケア分野に関連する事業を展開し、医療や生活者の健康を支援する企業です。,80,75,40,57,その他医療関連,,35,80,医療関連経験者;業界未経験者歓迎,,,,18,,,18
213,ベストケア福祉サービス,医療・ヘルスケア分野に関連する事業を展開し、医療や生活者の健康を支援する企業です。,80,75,40,57,介護・福祉,,35,80,介護職;看護師;福祉系経験者,,,,18,,,18
214,ベストケア福祉センター,医療・ヘルスケア分野に関連する事業を展開し、医療や生活者の健康を支援する企業です。,80,75,40,57,介護・福祉,,35,80,介護職;看護師;福祉系経験者,,,,18,,,18
215,ベストケア福祉ネット,医療・ヘルスケア分野に関連する事業を展開し、医療や生活者の健康を支援する企業です。,80,75,40,57,介護・福祉,,35,80,介護職;看護師;福祉系経験者,,,,18,,,18
216,ベストケア福祉協会,医療・ヘルスケア分野に関連する事業を展開し、医療や生活者の健康を支援する企業です。,80,75,40,57,介護・福祉,,35,80,介護職;看護師;福祉系経験者,,,,18,,,18
217,ベストケア福祉機構,医療・ヘルスケア分野に関連する事業を展開し、医療や生活者の健康を支援する企業です。,80,75,40,57,介護・福祉,,35,80,介護職;看護師;福祉系経験者,,,,18,,,18
218,ベストケア福祉研究所,医療・ヘルスケア分野に関連する事業を展開し、医療や生活者の健康を支援する企業です。,80,75,40,57,介護・福祉,,35,80,介護職;看護師;福祉系経験者,,,,18,,,18
219,ベストケア福祉プラットフォーム,医療・ヘルスケア分野に関連する事業を展開し、医療や生活者の健康を支援する企業です。,80,75,40,57,介護・福祉,,35,80,介護職;看護師;福祉系経験者,,,,18,,,18
220,ベストケア福祉ソリューション,医療・ヘルスケア分野に関連する事業を展開し、医療や生活者の健康を支援する企業です。,80,75,40,57,介護・福祉,,35,80,介護職;看護師;福祉系経験者,,,,18,,,18
221,ベストケア福祉サービス東日本,医療・ヘルスケア分野に関連する事業を展開し、医療や生活者の健康を支援する企業です。,80,75,40,57,介護・福祉,,35,80,介護職;看護師;福祉系経験者,,,,18,,,18
222,ベストケア福祉サービス西日本,医療・ヘルスケア分野に関連する事業を展開し、医療や生活者の健康を支援する企業です。,80,75,40,57,介護・福祉,,35,80,介護職;看護師;福祉系経験者,,,,18,,,18
223,ベストケア福祉サポート,医療・ヘルスケア分野に関連する事業を展開し、医療や生活者の健康を支援する企業です。,80,75,40,57,介護・福祉,,35,80,介護職;看護師;福祉系経験者,,,,18,,,18
224,ベストケア福祉アシスト,医療・ヘルスケア分野に関連する事業を展開し、医療や生活者の健康を支援する企業です。,80,75,40,57,介護・福祉,,35,80,介護職;看護師;福祉系経験者,,,,18,,,18
225,ベストケア福祉プランニング,医療・ヘルスケア分野に関連する事業を展開し、医療や生活者の健康を支援する企業です。,80,75,40,57,介護・福祉,,35,80,介護職;看護師;福祉系経験者,,,,18,,,18
226,ベストケア福祉マネジメント,医療・ヘルスケア分野に関連する事業を展開し、医療や生活者の健康を支援する企業です。,80,75,40,57,介護・福祉,,35,80,介護職;看護師;福祉系経験者,,,,18,,,18
227,ベストケア福祉コミュニティ,医療・ヘルスケア分野に関連する事業を展開し、医療や生活者の健康を支援する企業です。,80,75,40,57,介護・福祉,,35,80,介護職;看護師;福祉系経験者,,,,18,,,18
228,ベストケア福祉ネットワーク,医療・ヘルスケア分野に関連する事業を展開し、医療や生活者の健康を支援する企業です。,80,75,40,57,介護・福祉,,35,80,介護職;看護師;福祉系経験者,,,,18,,,18
229,ベストケア福祉ホールディングス,医療・ヘルスケア分野に関連する事業を展開し、医療や生活者の健康を支援する企業です。,80,75,40,57,介護・福祉,,35,80,介護職;看護師;福祉系経験者,,,,18,,,18
230,ベストケア福祉システム,医療・ヘルスケア分野に関連する事業を展開し、医療や生活者の健康を支援する企業です。,80,75,40,57,医療IT・医療データ,,20,80,ITエンジニア;医療現場経験者;データサイエンティスト,,,,18,,,18
231,ベストケア福祉プロジェクト,医療・ヘルスケア分野に関連する事業を展開し、医療や生活者の健康を支援する企業です。,80,75,40,57,介護・福祉,,35,80,介護職;看護師;福祉系経験者,,,,18,,,18
232,ベストケア福祉リンク,医療・ヘルスケア分野に関連する事業を展開し、医療や生活者の健康を支援する企業です。,80,75,40,57,介護・福祉,,35,80,介護職;看護師;福祉系経験者,,,,18,,,18
233,ベストケア福祉ライフ,医療・ヘルスケア分野に関連する事業を展開し、医療や生活者の健康を支援する企業です。,80,75,40,57,介護・福祉,,35,80,介護職;看護師;福祉系経験者,,,,18,,,18
234,ベストケア福祉ステーション,医療・ヘルスケア分野に関連する事業を展開し、医療や生活者の健康を支援する企業です。,80,75,40,57,介護・福祉,,35,80,介護職;看護師;福祉系経験者,,,,18,,,18
235,ベストケア福祉センター東日本,医療・ヘルスケア分野に関連する事業を展開し、医療や生活者の健康を支援する企業です。,80,75,40,57,介護・福祉,,35,80,介護職;看護師;福祉系経験者,,,,18,,,18
236,ベストケア福祉センター西日本,医療・ヘルスケア分野に関連する事業を展開し、医療や生活者の健康を支援する企業です。,80,75,40,57,介護・福祉,,35,80,介護職;看護師;福祉系経験者,,,,18,,,18
237,ベストケア福祉ホーム,医療・ヘルスケア分野に関連する事業を展開し、医療や生活者の健康を支援する企業です。,80,75,40,57,介護・福祉,,35,80,介護職;看護師;福祉系経験者,,,,18,,,18
238,ベストケア福祉ハウス,医療・ヘルスケア分野に関連する事業を展開し、医療や生活者の健康を支援する企業です。,80,75,40,57,介護・福祉,,35,80,介護職;看護師;福祉系経験者,,,,18,,,18
239,ベストケア福祉ライフサポート,医療・ヘルスケア分野に関連する事業を展開し、医療や生活者の健康を支援する企業です。,80,75,40,57,介護・福祉,,35,80,介護職;看護師;福祉系経験者,,,,18,,,18
240,ベストケア福祉研究センター,医療・ヘルスケア分野に関連する事業を展開し、医療や生活者の健康を支援する企業です。,80,75,40,57,介護・福祉,,35,80,介護職;看護師;福祉系経験者,,,,18,,,18
241,ベストケア福祉デザイン,医療・ヘルスケア分野に関連する事業を展開し、医療や生活者の健康を支援する企業です。,80,75,40,57,介護・福祉,,35,80,介護職;看護師;福祉系経験者,,,,18,,,18
242,ベストケア福祉アプリ,医療・ヘルスケア分野に関連する事業を展開し、医療や生活者の健康を支援する企業です。,80,75,40,57,介護・福祉,,35,80,介護職;看護師;福祉系経験者,,,,18,,,18
243,ベストケア福祉クラウド,医療・ヘルスケア分野に関連する事業を展開し、医療や生活者の健康を支援する企業です。,80,75,40,57,介護・福祉,,35,80,介護職;看護師;福祉系経験者,,,,18,,,18
244,ベストケア福祉DX,医療・ヘルスケア分野に関連する事業を展開し、医療や生活者の健康を支援する企業です。,80,75,40,57,医療IT・医療データ,,20,80,ITエンジニア;医療現場経験者;データサイエンティスト,,,,18,,,18
245,ベストケア福祉AI,医療・ヘルスケア分野に関連する事業を展開し、医療や生活者の健康を支援する企業です。,80,75,40,57,介護・福祉,,35,80,介護職;看護師;福祉系経験者,,,,18,,,18
246,ベストケア福祉データ,医療・ヘルスケア分野に関連する事業を展開し、医療や生活者の健康を支援する企業です。,80,75,40,57,医療IT・医療データ,,20,80,ITエンジニア;医療現場経験者;データサイエンティスト,,,,18,,,18
247,ベストケア福祉プラットフォーム東日本,医療・ヘルスケア分野に関連する事業を展開し、医療や生活者の健康を支援する企業です。,80,75,40,57,介護・福祉,,35,80,介護職;看護師;福祉系経験者,,,,18,,,18
248,ベストケア福祉プラットフォーム西日本,医療・ヘルスケア分野に関連する事業を展開し、医療や生活者の健康を支援する企業です。,80,75,40,57,介護・福祉,,35,80,介護職;看護師;福祉系経験者,,,,18,,,18
249,ベストケア福祉ソフトウェア,医療・ヘルスケア分野に関連する事業を展開し、医療や生活者の健康を支援する企業です。,80,75,40,57,介護・福祉,,35,80,介護職;看護師;福祉系経験者,,,,18,,,18
250,ベストケア福祉サービスセンター,医療・ヘルスケア分野に関連する事業を展開し、医療や生活者の健康を支援する企業です。,80,75,40,57,介護・福祉,,35,80,介護職;看護師;福祉系経験者,,,,18,,,18
251,ベストケア福祉DXセンター,医療・ヘルスケア分野に関連する事業を展開し、医療や生活者の健康を支援する企業です。,80,75,40,57,医療IT・医療データ,,20,80,ITエンジニア;医療現場経験者;データサイエンティスト,,,,18,,,18
252,ベストケア福祉AIセンター,医療・ヘルスケア分野に関連する事業を展開し、医療や生活者の健康を支援する企業です。,80,75,40,57,介護・福祉,,35,80,介護職;看護師;福祉系経験者,,,,18,,,18
253,ベストケア福祉データセンター,医療・ヘルスケア分野に関連する事業を展開し、医療や生活者の健康を支援する企業です。,80,75,40,57,医療IT・医療データ,,20,80,ITエンジニア;医療現場経験者;データサイエンティスト,,,,18,,,18
254,ベストケア福祉クラウドセンター,医療・ヘルスケア分野に関連する事業を展開し、医療や生活者の健康を支援する企業です。,80,75,40,57,介護・福祉,,35,80,介護職;看護師;福祉系経験者,,,,18,,,18
255,ベストケア福祉AIソリューション,医療・ヘルスケア分野に関連する事業を展開し、医療や生活者の健康を支援する企業です。,80,75,40,57,介護・福祉,,35,80,介護職;看護師;福祉系経験者,,,,18,,,18
256,ベストケア福祉DXソリューション,医療・ヘルスケア分野に関連する事業を展開し、医療や生活者の健康を支援する企業です。,80,75,40,57,医療IT・医療データ,,20,80,ITエンジニア;医療現場経験者;データサイエンティスト,,,,18,,,18
257,ベストケア福祉AIプラットフォーム,医療・ヘルスケア分野に関連する事業を展開し、医療や生活者の健康を支援する企業です。,80,75,40,57,介護・福祉,,35,80,介護職;看護師;福祉系経験者,,,,18,,,18
258,ベストケア福祉DXプラットフォーム,医療・ヘルスケア分野に関連する事業を展開し、医療や生活者の健康を支援する企業です。,80,75,40,57,医療IT・医療データ,,20,80,ITエンジニア;医療現場経験者;データサイエンティスト,,,,18,,,18
259,IQVIA,医療・ヘルスケア分野に関連する事業を展開し、医療や生活者の健康を支援する企業です。,31,45,75,60,その他医療関連,,45,45,医療関連経験者;業界未経験者歓迎,,,,12,,,12
260,シミック,医療・ヘルスケア分野に関連する事業を展開し、医療や生活者の健康を支援する企業です。,31,45,75,60,その他医療関連,,45,45,医療関連経験者;業界未経験者歓迎,,,,12,,,12
261,EPSホールディングス,医療・ヘルスケア分野に関連する事業を展開し、医療や生活者の健康を支援する企業です。,31,45,75,60,その他医療関連,,45,45,医療関連経験者;業界未経験者歓迎,,,,12,,,12
262,パレクセル,医療・ヘルスケア分野に関連する事業を展開し、医療や生活者の健康を支援する企業です。,96,90,30,60,その他医療関連,,35,80,医療関連経験者;業界未経験者歓迎,,"医療,患者,臨床,ヘルスケア",,63,"医療,患者,臨床,ヘルスケア",,63
263,メディサイエンスプラニング,医療・ヘルスケア分野に関連する事業を展開し、医療や生活者の健康を支援する企業です。,31,45,75,60,その他医療関連,,45,45,医療関連経験者;業界未経験者歓迎,,,,12,,,12
264,ノバルティスファーマ,医療・ヘルスケア分野に関連する事業を展開し、医療や生活者の健康を支援する企業です。,96,90,30,60,その他医療関連,,35,80,医療関連経験者;業界未経験者歓迎,,"医療,患者,臨床,ヘルスケア",,63,"医療,患者,臨床,ヘルスケア",,63
265,ファイザー,医療・ヘルスケア分野に関連する事業を展開し、医療や生活者の健康を支援する企業です。,31,45,75,60,その他医療関連,,45,45,医療関連経験者;業界未経験者歓迎,,,,12,,,12
266,アステラス製薬,医療・ヘルスケア分野に関連する事業を展開し、医療や生活者の健康を支援する企業です。,31,45,75,60,製薬・バイオ,,50,45,研究職;臨床開発;薬剤師,,,,12,,,12
267,第一三共,介護・福祉サービスを提供し、高齢者支援や在宅ケアの現場に関わる事業を展開しています。,87,90,30,60,介護・福祉,,35,80,介護職;看護師;福祉系経験者,,介護,介護・福祉,30,介護,介護・福祉,30
268,武田薬品工業,医療・ヘルスケア分野に関連する事業を展開し、医療や生活者の健康を支援する企業です。,93,90,30,60,製薬・バイオ,,40,80,医療関連経験者;業界未経験者歓迎,,"医療,患者,臨床",,36,"医療,患者,臨床",,36
269,中外製薬,医療・ヘルスケア分野に関連する事業を展開し、医療や生活者の健康を支援する企業です。,96,90,30,60,製薬・バイオ,,40,80,研究職;臨床開発;薬剤師,,"医療,患者,臨床,ヘルスケア",,63,"医療,患者,臨床,ヘルスケア",,63
270,大塚製薬,医療・ヘルスケア分野に関連する事業を展開し、医療や生活者の健康を支援する企業です。,87,90,30,60,製薬・バイオ,,40,80,研究職;臨床開発;薬剤師,,"医療,臨床",,30,"医療,臨床",,30
271,田辺三菱製薬,医療・ヘルスケア分野に関連する事業を展開し、医療や生活者の健康を支援する企業です。,31,45,75,60,製薬・バイオ,,50,45,研究職;臨床開発;薬剤師,,,,12,,,12
272,協和キリン,医療・ヘルスケア分野に関連する事業を展開し、医療や生活者の健康を支援する企業です。,31,45,75,60,その他医療関連,,45,45,医療関連経験者;業界未経験者歓迎,,,,12,,,12
273,エーザイ,医療・ヘルスケア分野に関連する事業を展開し、医療や生活者の健康を支援する企業です。,31,45,75,60,その他医療関連,,45,45,医療関連経験者;業界未経験者歓迎,,,,12,,,12
274,サノフィ,医療・ヘルスケア分野に関連する事業を展開し、医療や生活者の健康を支援する企業です。,31,45,75,60,その他医療関連,,45,45,医療関連経験者;業界未経験者歓迎,,,,12,,,12
275,MSD,医療・ヘルスケア分野に関連する事業を展開し、医療や生活者の健康を支援する企業です。,93,90,30,60,その他医療関連,,35,80,医療関連経験者;業界未経験者歓迎,,"医療,患者,ヘルスケア",,36,"医療,患者,ヘルスケア",,36
276,アッヴィ,医療・ヘルスケア分野に関連する事業を展開し、医療や生活者の健康を支援する企業です。,31,45,75,60,その他医療関連,,45,45,医療関連経験者;業界未経験者歓迎,,,,12,,,12
277,ブリストル・マイヤーズ スクイブ,医療・ヘルスケア分野に関連する事業を展開し、医療や生活者の健康を支援する企業です。,31,45,75,60,その他医療関連,,45,45,医療関連経験者;業界未経験者歓迎,,,,12,,,12
278,ジョンソン・エンド・ジョンソン ファーマ,医療・ヘルスケア分野に関連する事業を展開し、医療や生活者の健康を支援する企業です。,31,45,75,60,その他医療関連,,45,45,医療関連経験者;業界未経験者歓迎,,,,12,,,12
279,グラクソ・スミスクライン,医療・ヘルスケア分野に関連する事業を展開し、医療や生活者の健康を支援する企業です。,31,45,75,60,その他医療関連,,45,45,医療関連経験者;業界未経験者歓迎,,,,12,,,12
280,バイエル薬品,医療・ヘルスケア分野に関連する事業を展開し、医療や生活者の健康を支援する企業です。,31,45,75,60,製薬・バイオ,,50,45,医療関連経験者;業界未経験者歓迎,,,,12,,,12
281,アムジェン,医療・ヘルスケア分野に関連する事業を展開し、医療や生活者の健康を支援する企業です。,93,90,30,60,その他医療関連,,35,80,医療関連経験者;業界未経験者歓迎,,"医療,患者,臨床",,36,"医療,患者,臨床",,36
282,ギリアド・サイエンシズ,医療・ヘルスケア分野に関連する事業を展開し、医療や生活者の健康を支援する企業です。,31,45,75,60,その他医療関連,,45,45,医療関連経験者;業界未経験者歓迎,,,,12,,,12
283,バイオジェン,介護・福祉サービスを提供し、高齢者支援や在宅ケアの現場に関わる事業を展開しています。,93,90,30,60,製薬・バイオ,,40,80,研究職;臨床開発;薬剤師,,"医療,介護",介護・福祉,36,"医療,介護",介護・福祉,36
284,CSLベーリング,医療・ヘルスケア分野に関連する事業を展開し、医療や生活者の健康を支援する企業です。,87,90,30,60,その他医療関連,,35,80,医療関連経験者;業界未経験者歓迎,,"医療,患者",,30,"医療,患者",,30
285,アルナイラム,医療・ヘルスケア分野に関連する事業を展開し、医療や生活者の健康を支援する企業です。,93,90,30,60,その他医療関連,,35,80,医療関連経験者;業界未経験者歓迎,,"医療,患者,臨床",,36,"医療,患者,臨床",,36
286,アレクシオン,医療・ヘルスケア分野に関連する事業を展開し、医療や生活者の健康を支援する企業です。,96,90,30,60,介護・福祉,,35,80,医療関連経験者;業界未経験者歓迎,,"医療,患者,看護,診断",,63,"医療,患者,看護,診断",,63
287,ノボノルディスクファーマ,医療・ヘルスケア分野に関連する事業を展開し、医療や生活者の健康を支援する企業です。,31,45,75,60,その他医療関連,,45,45,医療関連経験者;業界未経験者歓迎,,,,12,,,12
288,日本イーライリリー,医療・ヘルスケア分野に関連する事業を展開し、医療や生活者の健康を支援する企業です。,31,45,75,60,その他医療関連,,45,45,医療関連経験者;業界未経験者歓迎,,,,12,,,12
289,日本ベーリンガーインゲルハイム,医療・ヘルスケア分野に関連する事業を展開し、医療や生活者の健康を支援する企業です。,31,45,75,60,その他医療関連,,45,45,医療関連経験者;業界未経験者歓迎,,,,12,,,12
290,日本新薬,医療・ヘルスケア分野に関連する事業を展開し、医療や生活者の健康を支援する企業です。,31,45,75,60,製薬・バイオ,,50,45,医療関連経験者;業界未経験者歓迎,,,,12,,,12
291,科研製薬,医療・ヘルスケア分野に関連する事業を展開し、医療や生活者の健康を支援する企業です。,31,45,75,60,製薬・バイオ,,50,45,研究職;臨床開発;薬剤師,,,,12,,,12
292,久光製薬,医療・ヘルスケア分野に関連する事業を展開し、医療や生活者の健康を支援する企業です。,31,45,75,60,製薬・バイオ,,50,45,研究職;臨床開発;薬剤師,,,,12,,,12
293,大正製薬,医療・ヘルスケア分野に関連する事業を展開し、医療や生活者の健康を支援する企業です。,83,75,40,57,製薬・バイオ,,40,80,研究職;臨床開発;薬剤師,,医療,,24,医療,,24
294,塩野義製薬,医療・ヘルスケア分野に関連する事業を展開し、医療や生活者の健康を支援する企業です。,96,90,30,60,製薬・バイオ,,40,80,研究職;臨床開発;薬剤師,,"医療,患者,臨床,ヘルスケア",,63,"医療,患者,臨床,ヘルスケア",,63
295,ゼリア新薬,医療・ヘルスケア分野に関連する事業を展開し、医療や生活者の健康を支援する企業です。,31,45,75,60,製薬・バイオ,,50,45,医療関連経験者;業界未経験者歓迎,,,,12,,,12
296,扶桑薬品工業,介護・福祉サービスを提供し、高齢者支援や在宅ケアの現場に関わる事業を展開しています。,99,90,30,60,製薬・バイオ,,40,80,介護職;看護師;福祉系経験者,,"医療,患者,臨床,看護,介護,診断",介護・福祉,90,"医療,患者,臨床,看護,介護,診断",介護・福祉,90
297,持田製薬,医療・ヘルスケア分野に関連する事業を展開し、医療や生活者の健康を支援する企業です。,31,45,75,60,製薬・バイオ,,50,45,研究職;臨床開発;薬剤師,,,,12,,,12
298,キョーリン製薬,医療・ヘルスケア分野に関連する事業を展開し、医療や生活者の健康を支援する企業です。,31,45,75,60,製薬・バイオ,,50,45,研究職;臨床開発;薬剤師,,,,12,,,12
299,鳥居薬品,医療・ヘルスケア分野に関連する事業を展開し、医療や生活者の健康を支援する企業です。,31,45,75,60,製薬・バイオ,,50,45,医療関連経験者;業界未経験者歓迎,,,,12,,,12
300,あすか製薬,医療・ヘルスケア分野に関連する事業を展開し、医療や生活者の健康を支援する企業です。,87,90,30,60,製薬・バイオ,,40,80,研究職;臨床開発;薬剤師,,"医療,臨床",,30,"医療,臨床",,30
301,日本化薬,医療・ヘルスケア分野に関連する事業を展開し、医療や生活者の健康を支援する企業です。,31,45,75,60,製薬・バイオ,,50,45,医療関連経験者;業界未経験者歓迎,,,,12,,,12
302,日本たばこ産業（医薬）,医療・ヘルスケア分野に関連する事業を展開し、医療や生活者の健康を支援する企業です。,31,45,75,60,製薬・バイオ,,50,45,研究職;臨床開発;薬剤師,,,,12,,,12
303,日本臓器製薬,医療・ヘルスケア分野に関連する事業を展開し、医療や生活者の健康を支援する企業です。,31,45,75,60,製薬・バイオ,,50,45,研究職;臨床開発;薬剤師,,,,12,,,12
304,日本ケミファ,医療・ヘルスケア分野に関連する事業を展開し、医療や生活者の健康を支援する企業です。,31,45,75,60,その他医療関連,,45,45,医療関連経験者;業界未経験者歓迎,,,,12,,,12
305,日本調剤,医療・ヘルスケア分野に関連する事業を展開し、医療や生活者の健康を支援する企業です。,83,75,40,57,その他医療関連,,35,80,医療関連経験者;業界未経験者歓迎,,医療,,24,医療,,24
306,アルフレッサ,医療機器の開発・製造を行い、医療現場で使われる製品を提供しています。,93,90,30,60,医療機器メーカー,,30,80,機械設計;臨床経験者;品質管理,,"医療,医療機器",医療機器メーカー,36,"医療,医療機器",医療機器メーカー,36
307,スズケン,医療機器の開発・製造を行い、医療現場で使われる製品を提供しています。,99,90,30,60,医療機器メーカー,,30,80,機械設計;臨床経験者;品質管理,,"医療,介護,ヘルスケア,医療機器,診断","医療機器メーカー,介護・福祉",90,"医療,介護,ヘルスケア,医療機器,診断","医療機器メーカー,介護・福祉",90
308,メディセオ,医療機器の開発・製造を行い、医療現場で使われる製品を提供しています。,97,90,30,60,医療機器メーカー,,30,80,機械設計;臨床経験者;品質管理,,"医療,臨床,医療機器,検査",医療機器メーカー,72,"医療,臨床,医療機器,検査",医療機器メーカー,72
309,東邦薬品,医療機器の開発・製造を行い、医療現場で使われる製品を提供しています。,94,90,30,60,医療機器メーカー,,30,80,機械設計;臨床経験者;品質管理,,"医療,医療機器,検査",医療機器メーカー,42,"医療,医療機器,検査",医療機器メーカー,42
310,クオール,医療・ヘルスケア分野に関連する事業を展開し、医療や生活者の健康を支援する企業です。,83,75,40,57,その他医療関連,,35,80,医療関連経験者;業界未経験者歓迎,,医療,,24,医療,,24
311,アイセイ薬局,医療・ヘルスケア分野に関連する事業を展開し、医療や生活者の健康を支援する企業です。,31,45,75,60,製薬・バイオ,,50,45,医療関連経験者;業界未経験者歓迎,,,,12,,,12
312,ココカラファイン,医療・ヘルスケア分野に関連する事業を展開し、医療や生活者の健康を支援する企業です。,31,45,75,60,その他医療関連,,45,45,医療関連経験者;業界未経験者歓迎,,,,12,,,12
313,ウエルシア薬局,医療・ヘルスケア分野に関連する事業を展開し、医療や生活者の健康を支援する企業です。,31,45,75,60,製薬・バイオ,,50,45,医療関連経験者;業界未経験者歓迎,,,,12,,,12
314,マツモトキヨシ,医療・ヘルスケア分野に関連する事業を展開し、医療や生活者の健康を支援する企業です。,31,45,75,60,その他医療関連,,45,45,医療関連経験者;業界未経験者歓迎,,,,12,,,12
315,スギ薬局,医療・ヘルスケア分野に関連する事業を展開し、医療や生活者の健康を支援する企業です。,31,45,75,60,製薬・バイオ,,50,45,医療関連経験者;業界未経験者歓迎,,,,12,,,12
316,ツルハドラッグ,医療・ヘルスケア分野に関連する事業を展開し、医療や生活者の健康を支援する企業です。,83,75,40,57,その他医療関連,,35,80,医療関連経験者;業界未経験者歓迎,,患者,,24,患者,,24
317,サンドラッグ,医療・ヘルスケア分野に関連する事業を展開し、医療や生活者の健康を支援する企業です。,31,45,75,60,その他医療関連,,45,45,医療関連経験者;業界未経験者歓迎,,,,12,,,12
318,コスモス薬品,医療・ヘルスケア分野に関連する事業を展開し、医療や生活者の健康を支援する企業です。,31,45,75,60,製薬・バイオ,,50,45,医療関連経験者;業界未経験者歓迎,,,,12,,,12
319,カワチ薬品,医療・ヘルスケア分野に関連する事業を展開し、医療や生活者の健康を支援する企業です。,31,45,75,60,製薬・バイオ,,50,45,医療関連経験者;業界未経験者歓迎,,,,12,,,12
320,クリエイトSD,医療・ヘルスケア分野に関連する事業を展開し、医療や生活者の健康を支援する企業です。,93,90,30,60,その他医療関連,,35,80,医療関連経験者;業界未経験者歓迎,,"医療,患者,ヘルスケア",,36,"医療,患者,ヘルスケア",,36
321,セイムス,医療・ヘルスケア分野に関連する事業を展開し、医療や生活者の健康を支援する企業です。,31,45,75,60,その他医療関連,,45,45,医療関連経験者;業界未経験者歓迎,,,,12,,,12
322,富士薬品,医療・ヘルスケア分野に関連する事業を展開し、医療や生活者の健康を支援する企業です。,31,45,75,60,製薬・バイオ,,50,45,医療関連経験者;業界未経験者歓迎,,,,12,,,12
323,日本調剤ホールディングス,医療・ヘルスケア分野に関連する事業を展開し、医療や生活者の健康を支援する企業です。,83,75,40,57,その他医療関連,,35,80,医療関連経験者;業界未経験者歓迎,,医療,,24,医療,,24
324,ニプロファーマ,医療・ヘルスケア分野に関連する事業を展開し、医療や生活者の健康を支援する企業です。,31,45,75,60,その他医療関連,,45,45,医療関連経験者;業界未経験者歓迎,,,,12,,,12
325,大鵬薬品工業,医療・ヘルスケア分野に関連する事業を展開し、医療や生活者の健康を支援する企業です。,93,90,30,60,製薬・バイオ,,40,80,医療関連経験者;業界未経験者歓迎,,"医療,患者,ヘルスケア",,36,"医療,患者,ヘルスケア",,36
326,エーザイ・ジャパン,医療・ヘルスケア分野に関連する事業を展開し、医療や生活者の健康を支援する企業です。,31,45,75,60,その他医療関連,,45,45,医療関連経験者;業界未経験者歓迎,,,,12,,,12
327,日本メジフィジックス,医療・ヘルスケア分野に関連する事業を展開し、医療や生活者の健康を支援する企業です。,31,45,75,60,その他医療関連,,45,45,医療関連経験者;業界未経験者歓迎,,,,12,,,12
328,日本血液製剤機構,医療・ヘルスケア分野に関連する事業を展開し、医療や生活者の健康を支援する企業です。,31,45,75,60,その他医療関連,,45,45,医療関連経験者;業界未経験者歓迎,,,,12,,,12
329,日本ワクチン,医療・ヘルスケア分野に関連する事業を展開し、医療や生活者の健康を支援する企業です。,31,45,75,60,その他医療関連,,45,45,医療関連経験者;業界未経験者歓迎,,,,12,,,12
330,KMバイオロジクス,医療・ヘルスケア分野に関連する事業を展開し、医療や生活者の健康を支援する企業です。,31,45,75,60,製薬・バイオ,,50,45,研究職;臨床開発;薬剤師,,,,12,,,12
331,生化学工業,医療機器の開発・製造を行い、医療現場で使われる製品を提供しています。,97,90,30,60,医療機器メーカー,,30,80,機械設計;臨床経験者;品質管理,,"医療,患者,臨床,医療機器",医療機器メーカー,72,"医療,患者,臨床,医療機器",医療機器メーカー,72
332,日本製薬,医療・ヘルスケア分野に関連する事業を展開し、医療や生活者の健康を支援する企業です。,31,45,75,60,製薬・バイオ,,50,45,研究職;臨床開発;薬剤師,,,,12,,,12
333,日本臨床検査薬協会,医療・ヘルスケア分野に関連する事業を展開し、医療や生活者の健康を支援する企業です。,31,45,75,60,医療機器メーカー,,40,45,機械設計;臨床経験者;品質管理,,,,12,,,12
334,シスメックス（検査薬部門）,医療・ヘルスケア分野に関連する事業を展開し、医療や生活者の健康を支援する企業です。,31,45,75,60,医療機器メーカー,,40,45,機械設計;臨床経験者;品質管理,,,,12,,,12
335,ロート製薬,医療・ヘルスケア分野に関連する事業を展開し、医療や生活者の健康を支援する企業です。,83,75,40,57,製薬・バイオ,,40,80,研究職;臨床開発;薬剤師,,医療,,24,医療,,24
336,ライオン（ヘルスケア）,医療・ヘルスケア分野に関連する事業を展開し、医療や生活者の健康を支援する企業です。,80,75,40,57,その他医療関連,,35,80,医療関連経験者;業界未経験者歓迎,,,,18,,,18
337,花王（ヘルスケア）,医療・ヘルスケア分野に関連する事業を展開し、医療や生活者の健康を支援する企業です。,80,75,40,57,その他医療関連,,35,80,医療関連経験者;業界未経験者歓迎,,,,18,,,18
338,大幸薬品,医療・ヘルスケア分野に関連する事業を展開し、医療や生活者の健康を支援する企業です。,83,75,40,57,製薬・バイオ,,40,80,医療関連経験者;業界未経験者歓迎,,医療,,24,医療,,24
339,小林製薬,医療・ヘルスケア分野に関連する事業を展開し、医療や生活者の健康を支援する企業です。,31,45,75,60,製薬・バイオ,,50,45,研究職;臨床開発;薬剤師,,,,12,,,12
340,ピジョン,医療・ヘルスケア分野に関連する事業を展開し、医療や生活者の健康を支援する企業です。,83,75,40,57,その他医療関連,,35,80,医療関連経験者;業界未経験者歓迎,,医療,,24,医療,,24
341,ユニ・チャーム,医療・ヘルスケア分野に関連する事業を展開し、医療や生活者の健康を支援する企業です。,31,45,75,60,その他医療関連,,45,45,医療関連経験者;業界未経験者歓迎,,,,12,,,12
342,白十字,医療・ヘルスケア分野に関連する事業を展開し、医療や生活者の健康を支援する企業です。,31,45,75,60,その他医療関連,,45,45,医療関連経験者;業界未経験者歓迎,,,,12,,,12
343,オカモト（医療用品）,医療・ヘルスケア分野に関連する事業を展開し、医療や生活者の健康を支援する企業です。,80,75,40,57,その他医療関連,,35,80,医療関連経験者;業界未経験者歓迎,,,,18,,,18
344,ニチバン（医療用品）,医療・ヘルスケア分野に関連する事業を展開し、医療や生活者の健康を支援する企業です。,80,75,40,57,その他医療関連,,35,80,医療関連経験者;業界未経験者歓迎,,,,18,,,18
345,日本衛材,医療・ヘルスケア分野に関連する事業を展開し、医療や生活者の健康を支援する企業です。,31,45,75,60,その他医療関連,,45,45,医療関連経験者;業界未経験者歓迎,,,,12,,,12
346,川本産業,介護・福祉サービスを提供し、高齢者支援や在宅ケアの現場に関わる事業を展開しています。,93,90,30,60,介護・福祉,,35,80,介護職;看護師;福祉系経験者,,"医療,介護",介護・福祉,36,"医療,介護",介護・福祉,36
347,阿蘇製薬,医療・ヘルスケア分野に関連する事業を展開し、医療や生活者の健康を支援する企業です。,31,45,75,60,製薬・バイオ,,50,45,研究職;臨床開発;薬剤師,,,,12,,,12
348,大木製薬,医療・ヘルスケア分野に関連する事業を展開し、医療や生活者の健康を支援する企業です。,31,45,75,60,製薬・バイオ,,50,45,研究職;臨床開発;薬剤師,,,,12,,,12
349,龍角散,医療機器の開発・製造を行い、医療現場で使われる製品を提供しています。,93,90,30,60,医療機器メーカー,,30,80,機械設計;臨床経験者;品質管理,,"介護,検査",介護・福祉,36,"介護,検査",介護・福祉,36
350,救心製薬,医療・ヘルスケア分野に関連する事業を展開し、医療や生活者の健康を支援する企業です。,31,45,75,60,製薬・バイオ,,50,45,研究職;臨床開発;薬剤師,,,,12,,,12
351,FiNC,医療・ヘルスケア分野に関連する事業を展開し、医療や生活者の健康を支援する企業です。,31,45,75,60,その他医療関連,,45,45,医療関連経験者;業界未経験者歓迎,,,,12,,,12
352,Health2Sync,医療・ヘルスケア分野に関連する事業を展開し、医療や生活者の健康を支援する企業です。,93,90,30,60,その他医療関連,,35,80,医療関連経験者;業界未経験者歓迎,,"医療,患者,臨床",,36,"医療,患者,臨床",,36
353,カロミル,医療・ヘルスケア分野に関連する事業を展開し、医療や生活者の健康を支援する企業です。,31,45,75,60,その他医療関連,,45,45,医療関連経験者;業界未経験者歓迎,,,,12,,,12
354,HACARUS,医療・ヘルスケア分野に関連する事業を展開し、医療や生活者の健康を支援する企業です。,31,45,75,60,その他医療関連,,45,45,医療関連経験者;業界未経験者歓迎,,,,12,,,12
355,エクサウィザーズ,医療・ヘルスケア分野に関連する事業を展開し、医療や生活者の健康を支援する企業です。,31,45,75,60,その他医療関連,,45,45,医療関連経験者;業界未経験者歓迎,,,,12,,,12
356,Aillis,医療・ヘルスケア分野に関連する事業を展開し、医療や生活者の健康を支援する企業です。,31,45,75,60,その他医療関連,,45,45,医療関連経験者;業界未経験者歓迎,,,,12,,,12
357,ヘルスケアテクノロジーズ,医療・ヘルスケア分野に関連する事業を展開し、医療や生活者の健康を支援する企業です。,80,75,40,57,その他医療関連,,35,80,医療関連経験者;業界未経験者歓迎,,,,18,,,18
358,ヘルスケアシステムズ,介護・福祉サービスを提供し、高齢者支援や在宅ケアの現場に関わる事業を展開しています。,94,90,30,60,医療IT・医療データ,,20,80,ITエンジニア;医療現場経験者;データサイエンティスト,,"医療,介護,ヘルスケア",介護・福祉,42,"医療,介護,ヘルスケア",介護・福祉,42
359,ヘルスケアマーケットジャパン,医療・ヘルスケア分野に関連する事業を展開し、医療や生活者の健康を支援する企業です。,80,75,40,57,その他医療関連,,35,80,医療関連経験者;業界未経験者歓迎,,,,18,,,18
360,ヘルスケアソリューションズ,医療・ヘルスケア分野に関連する事業を展開し、医療や生活者の健康を支援する企業です。,80,75,40,57,その他医療関連,,35,80,医療関連経験者;業界未経験者歓迎,,,,18,,,18
361,ヘルスケアクラウド,医療・ヘルスケア分野に関連する事業を展開し、医療や生活者の健康を支援する企業です。,80,75,40,57,その他医療関連,,35,80,医療関連経験者;業界未経験者歓迎,,,,18,,,18
362,ヘルスケアデータラボ,医療・ヘルスケア分野に関連する事業を展開し、医療や生活者の健康を支援する企業です。,80,75,40,57,医療IT・医療データ,,20,80,ITエンジニア;医療現場経験者;データサイエンティスト,,,,18,,,18
363,ヘルスケアAI研究所,医療・ヘルスケア分野に関連する事業を展開し、医療や生活者の健康を支援する企業です。,80,75,40,57,その他医療関連,,35,80,医療関連経験者;業界未経験者歓迎,,,,18,,,18
364,ヘルスケアDX研究所,医療・ヘルスケア分野に関連する事業を展開し、医療や生活者の健康を支援する企業です。,80,75,40,57,医療IT・医療データ,,20,80,ITエンジニア;医療現場経験者;データサイエンティスト,,,,18,,,18
365,ヘルスケアプラットフォーム,医療・ヘルスケア分野に関連する事業を展開し、医療や生活者の健康を支援する企業です。,80,75,40,57,その他医療関連,,35,80,医療関連経験者;業界未経験者歓迎,,,,18,,,18
366,ヘルスケアアプリ研究所,医療・ヘルスケア分野に関連する事業を展開し、医療や生活者の健康を支援する企業です。,80,75,40,57,その他医療関連,,35,80,医療関連経験者;業界未経験者歓迎,,,,18,,,18
367,ヘルスケアデザイン,医療・ヘルスケア分野に関連する事業を展開し、医療や生活者の健康を支援する企業です。,80,75,40,57,その他医療関連,,35,80,医療関連経験者;業界未経験者歓迎,,,,18,,,18
368,ヘルスケアアナリティクス,医療・ヘルスケア分野に関連する事業を展開し、医療や生活者の健康を支援する企業です。,80,75,40,57,その他医療関連,,35,80,医療関連経験者;業界未経験者歓迎,,,,18,,,18
369,ヘルスケアデータソリューション,医療・ヘルスケア分野に関連する事業を展開し、医療や生活者の健康を支援する企業です。,80,75,40,57,医療IT・医療データ,,20,80,ITエンジニア;医療現場経験者;データサイエンティスト,,,,18,,,18
370,ヘルスケアデータセンター,医療・ヘルスケア分野に関連する事業を展開し、医療や生活者の健康を支援する企業です。,80,75,40,57,医療IT・医療データ,,20,80,ITエンジニア;医療現場経験者;データサイエンティスト,,,,18,,,18
371,ヘルスケアデータAI,医療・ヘルスケア分野に関連する事業を展開し、医療や生活者の健康を支援する企業です。,80,75,40,57,医療IT・医療データ,,20,80,ITエンジニア;医療現場経験者;データサイエンティスト,,,,18,,,18
372,ヘルスケアデータDX,医療・ヘルスケア分野に関連する事業を展開し、医療や生活者の健康を支援する企業です。,80,75,40,57,医療IT・医療データ,,20,80,ITエンジニア;医療現場経験者;データサイエンティスト,,,,18,,,18
373,ヘルスケアデータクラウド,医療・ヘルスケア分野に関連する事業を展開し、医療や生活者の健康を支援する企業です。,80,75,40,57,医療IT・医療データ,,20,80,ITエンジニア;医療現場経験者;データサイエンティスト,,,,18,,,18
374,ヘルスケアデータリンク,医療・ヘルスケア分野に関連する事業を展開し、医療や生活者の健康を支援する企業です。,80,75,40,57,医療IT・医療データ,,20,80,ITエンジニア;医療現場経験者;データサイエンティスト,,,,18,,,18
375,ヘルスケアデータプロ,医療・ヘルスケア分野に関連する事業を展開し、医療や生活者の健康を支援する企業です。,80,75,40,57,医療IT・医療データ,,20,80,ITエンジニア;医療現場経験者;データサイエンティスト,,,,18,,,18
376,ヘルスケアデータワークス,医療・ヘルスケア分野に関連する事業を展開し、医療や生活者の健康を支援する企業です。,80,75,40,57,医療IT・医療データ,,20,80,ITエンジニア;医療現場経験者;データサイエンティスト,,,,18,,,18
377,ヘルスケアデータエージェンシー,医療・ヘルスケア分野に関連する事業を展開し、医療や生活者の健康を支援する企業です。,80,75,40,57,医療IT・医療データ,,20,80,ITエンジニア;医療現場経験者;データサイエンティスト,,,,18,,,18
378,ヘルスケアデータマーケティング,医療・ヘルスケア分野に関連する事業を展開し、医療や生活者の健康を支援する企業です。,80,75,40,57,医療IT・医療データ,,20,80,ITエンジニア;医療現場経験者;データサイエンティスト,,,,18,,,18
379,ヘルスケアデータコンサルティング,医療・ヘルスケア分野に関連する事業を展開し、医療や生活者の健康を支援する企業です。,80,75,40,57,医療IT・医療データ,,20,80,ITエンジニア;医療現場経験者;データサイエンティスト,,,,18,,,18
380,ヘルスケアデータラボラトリー,医療・ヘルスケア分野に関連する事業を展開し、医療や生活者の健康を支援する企業です。,80,75,40,57,医療IT・医療データ,,20,80,ITエンジニア;医療現場経験者;データサイエンティスト,,,,18,,,18
381,ヘルスケアデータAIソリューション,医療・ヘルスケア分野に関連する事業を展開し、医療や生活者の健康を支援する企業です。,80,75,40,57,医療IT・医療データ,,20,80,ITエンジニア;医療現場経験者;データサイエンティスト,,,,18,,,18
382,ヘルスケアデータDXソリューション,医療・ヘルスケア分野に関連する事業を展開し、医療や生活者の健康を支援する企業です。,80,75,40,57,医療IT・医療データ,,20,80,ITエンジニア;医療現場経験者;データサイエンティスト,,,,18,,,18
383,ヘルスケアデータAIセンター,医療・ヘルスケア分野に関連する事業を展開し、医療や生活者の健康を支援する企業です。,80,75,40,57,医療IT・医療データ,,20,80,ITエンジニア;医療現場経験者;データサイエンティスト,,,,18,,,18
384,ヘルスケアデータDXセンター,医療・ヘルスケア分野に関連する事業を展開し、医療や生活者の健康を支援する企業です。,80,75,40,57,医療IT・医療データ,,20,80,ITエンジニア;医療現場経験者;データサイエンティスト,,,,18,,,18
385,ヘルスケアデータAIプラットフォーム,医療・ヘルスケア分野に関連する事業を展開し、医療や生活者の健康を支援する企業です。,80,75,40,57,医療IT・医療データ,,20,80,ITエンジニア;医療現場経験者;データサイエンティスト,,,,18,,,18
386,ヘルスケアデータDXプラットフォーム,医療・ヘルスケア分野に関連する事業を展開し、医療や生活者の健康を支援する企業です。,80,75,40,57,医療IT・医療データ,,20,80,ITエンジニア;医療現場経験者;データサイエンティスト,,,,18,,,18
387,ヘルスケアデータAIラボ,医療・ヘルスケア分野に関連する事業を展開し、医療や生活者の健康を支援する企業です。,80,75,40,57,医療IT・医療データ,,20,80,ITエンジニア;医療現場経験者;データサイエンティスト,,,,18,,,18
388,ヘルスケアデータDXラボ,医療・ヘルスケア分野に関連する事業を展開し、医療や生活者の健康を支援する企業です。,80,75,40,57,医療IT・医療データ,,20,80,ITエンジニア;医療現場経験者;データサイエンティスト,,,,18,,,18
389,ヘルスケアデータAIクラウド,医療・ヘルスケア分野に関連する事業を展開し、医療や生活者の健康を支援する企業です。,80,75,40,57,医療IT・医療データ,,20,80,ITエンジニア;医療現場経験者;データサイエンティスト,,,,18,,,18
390,ヘルスケアデータDXクラウド,医療・ヘルスケア分野に関連する事業を展開し、医療や生活者の健康を支援する企業です。,80,75,40,57,医療IT・医療データ,,20,80,ITエンジニア;医療現場経験者;データサイエンティスト,,,,18,,,18
391,ヘルスケアデータAIサービス,医療・ヘルスケア分野に関連する事業を展開し、医療や生活者の健康を支援する企業です。,80,75,40,57,医療IT・医療データ,,20,80,ITエンジニア;医療現場経験者;データサイエンティスト,,,,18,,,18
392,ヘルスケアデータDXサービス,医療・ヘルスケア分野に関連する事業を展開し、医療や生活者の健康を支援する企業です。,80,75,40,57,医療IT・医療データ,,20,80,ITエンジニア;医療現場経験者;データサイエンティスト,,,,18,,,18
393,ヘルスケアデータAIエンジニアリング,医療・ヘルスケア分野に関連する事業を展開し、医療や生活者の健康を支援する企業です。,80,75,40,57,医療IT・医療データ,,20,80,ITエンジニア;医療現場経験者;データサイエンティスト,,,,18,,,18
394,ヘルスケアデータDXエンジニアリング,医療・ヘルスケア分野に関連する事業を展開し、医療や生活者の健康を支援する企業です。,80,75,40,57,医療IT・医療データ,,20,80,ITエンジニア;医療現場経験者;データサイエンティスト,,,,18,,,18
395,ヘルスケアデータAIソリューションズ,医療・ヘルスケア分野に関連する事業を展開し、医療や生活者の健康を支援する企業です。,80,75,40,57,医療IT・医療データ,,20,80,ITエンジニア;医療現場経験者;データサイエンティスト,,,,18,,,18
396,ヘルスケアデータDXソリューションズ,医療・ヘルスケア分野に関連する事業を展開し、医療や生活者の健康を支援する企業です。,80,75,40,57,医療IT・医療データ,,20,80,ITエンジニア;医療現場経験者;データサイエンティスト,,,,18,,,18
397,RIZAP,医療・ヘルスケア分野に関連する事業を展開し、医療や生活者の健康を支援する企業です。,31,45,75,60,その他医療関連,,45,45,医療関連経験者;業界未経験者歓迎,,,,12,,,12
398,ルネサンス,介護・福祉サービスを提供し、高齢者支援や在宅ケアの現場に関わる事業を展開しています。,93,90,30,60,介護・福祉,,35,80,介護職;看護師;福祉系経験者,,"介護,ヘルスケア",介護・福祉,36,"介護,ヘルスケア",介護・福祉,36
399,ティップネス,医療・ヘルスケア分野に関連する事業を展開し、医療や生活者の健康を支援する企業です。,31,45,75,60,その他医療関連,,45,45,医療関連経験者;業界未経験者歓迎,,,,12,,,12
400,FiT-EASY,医療・ヘルスケア分野に関連する事業を展開し、医療や生活者の健康を支援する企業です。,31,45,75,60,医療IT・医療データ,,30,45,ITエンジニア;医療現場経験者;データサイエンティスト,,,,12,,,12
401,コナミスポーツ,医療・ヘルスケア分野に関連する事業を展開し、医療や生活者の健康を支援する企業です。,31,45,75,60,フィットネス・健康サービス,,45,45,医療関連経験者;業界未経験者歓迎,,,,12,,,12
402,セントラルスポーツ,介護・福祉サービスを提供し、高齢者支援や在宅ケアの現場に関わる事業を展開しています。,87,90,30,60,介護・福祉,,35,80,介護職;看護師;福祉系経験者,,介護,介護・福祉,30,介護,介護・福祉,30
403,東急スポーツオアシス,介護・福祉サービスを提供し、高齢者支援や在宅ケアの現場に関わる事業を展開しています。,93,90,30,60,介護・福祉,,35,80,介護職;看護師;福祉系経験者,,"介護,ヘルスケア",介護・福祉,36,"介護,ヘルスケア",介護・福祉,36
404,スポーツクラブNAS,介護・福祉サービスを提供し、高齢者支援や在宅ケアの現場に関わる事業を展開しています。,87,90,30,60,介護・福祉,,35,80,介護職;看護師;福祉系経験者,,介護,介護・福祉,30,介護,介護・福祉,30
405,ジョイフィット,医療・ヘルスケア分野に関連する事業を展開し、医療や生活者の健康を支援する企業です。,31,45,75,60,その他医療関連,,45,45,医療関連経験者;業界未経験者歓迎,,,,12,,,12
406,エニタイムフィットネス,医療・ヘルスケア分野に関連する事業を展開し、医療や生活者の健康を支援する企業です。,31,45,75,60,フィットネス・健康サービス,,45,45,医療関連経験者;業界未経験者歓迎,,,,12,,,12
407,ゴールドジム,医療・ヘルスケア分野に関連する事業を展開し、医療や生活者の健康を支援する企業です。,31,45,75,60,その他医療関連,,45,45,医療関連経験者;業界未経験者歓迎,,,,12,,,12
408,メガロス,医療・ヘルスケア分野に関連する事業を展開し、医療や生活者の健康を支援する企業です。,31,45,75,60,その他医療関連,,45,45,医療関連経験者;業界未経験者歓迎,,,,12,,,12
409,カーブス,医療・ヘルスケア分野に関連する事業を展開し、医療や生活者の健康を支援する企業です。,31,45,75,60,その他医療関連,,45,45,医療関連経験者;業界未経験者歓迎,,,,12,,,12
410,ホリデイスポーツクラブ,医療・ヘルスケア分野に関連する事業を展開し、医療や生活者の健康を支援する企業です。,31,45,75,60,フィットネス・健康サービス,,45,45,医療関連経験者;業界未経験者歓迎,,,,12,,,12
411,スポーツクラブアクトス,医療・ヘルスケア分野に関連する事業を展開し、医療や生活者の健康を支援する企業です。,31,45,75,60,フィットネス・健康サービス,,45,45,医療関連経験者;業界未経験者歓迎,,,,12,,,12
412,スポーツクラブアクトスWill,医療・ヘルスケア分野に関連する事業を展開し、医療や生活者の健康を支援する企業です。,31,45,75,60,フィットネス・健康サービス,,45,45,医療関連経験者;業界未経験者歓迎,,,,12,,,12
413,スポーツクラブアクトスZERO,医療・ヘルスケア分野に関連する事業を展開し、医療や生活者の健康を支援する企業です。,31,45,75,60,フィットネス・健康サービス,,45,45,医療関連経験者;業界未経験者歓迎,,,,12,,,12
414,スポーツクラブアクトスPRO,医療・ヘルスケア分野に関連する事業を展開し、医療や生活者の健康を支援する企業です。,31,45,75,60,フィットネス・健康サービス,,45,45,医療関連経験者;業界未経験者歓迎,,,,12,,,12
415,SOMPOホールディングス,介護・福祉サービスを提供し、高齢者支援や在宅ケアの現場に関わる事業を展開しています。,93,90,30,60,介護・福祉,,35,80,介護職;看護師;福祉系経験者,,"介護,ヘルスケア",介護・福祉,36,"介護,ヘルスケア",介護・福祉,36
416,東京海上日動,医療・ヘルスケア分野に関連する事業を展開し、医療や生活者の健康を支援する企業です。,31,45,75,60,その他医療関連,,45,45,医療関連経験者;業界未経験者歓迎,,,,12,,,12
417,第一生命,医療・ヘルスケア分野に関連する事業を展開し、医療や生活者の健康を支援する企業です。,31,45,75,60,その他医療関連,,45,45,医療関連経験者;業界未経験者歓迎,,,,12,,,12
418,アクサ生命,介護・福祉サービスを提供し、高齢者支援や在宅ケアの現場に関わる事業を展開しています。,93,90,30,60,介護・福祉,,35,80,介護職;看護師;福祉系経験者,,"医療,介護",介護・福祉,36,"医療,介護",介護・福祉,36
419,住友生命,医療・ヘルスケア分野に関連する事業を展開し、医療や生活者の健康を支援する企業です。,87,90,30,60,その他医療関連,,35,80,医療関連経験者;業界未経験者歓迎,,"医療,診断",,30,"医療,診断",,30
420,明治安田生命,医療・ヘルスケア分野に関連する事業を展開し、医療や生活者の健康を支援する企業です。,31,45,75,60,その他医療関連,,45,45,医療関連経験者;業界未経験者歓迎,,,,12,,,12
421,日本生命,医療・ヘルスケア分野に関連する事業を展開し、医療や生活者の健康を支援する企業です。,31,45,75,60,その他医療関連,,45,45,医療関連経験者;業界未経験者歓迎,,,,12,,,12
422,オリックス生命,医療・ヘルスケア分野に関連する事業を展開し、医療や生活者の健康を支援する企業です。,31,45,75,60,その他医療関連,,45,45,医療関連経験者;業界未経験者歓迎,,,,12,,,12
423,ソニー生命,医療・ヘルスケア分野に関連する事業を展開し、医療や生活者の健康を支援する企業です。,31,45,75,60,その他医療関連,,45,45,医療関連経験者;業界未経験者歓迎,,,,12,,,12
424,楽天生命,医療・ヘルスケア分野に関連する事業を展開し、医療や生活者の健康を支援する企業です。,31,45,75,60,その他医療関連,,45,45,医療関連経験者;業界未経験者歓迎,,,,12,,,12
425,エムスリーキャリア,医療・ヘルスケア分野に関連する事業を展開し、医療や生活者の健康を支援する企業です。,83,75,40,57,その他医療関連,,35,80,医療関連経験者;業界未経験者歓迎,,医療,,24,医療,,24
426,レバレジーズメディカルケア,医療・ヘルスケア分野に関連する事業を展開し、医療や生活者の健康を支援する企業です。,80,75,40,57,その他医療関連,,35,80,医療関連経験者;業界未経験者歓迎,,,,18,,,18
427,マイナビ医療介護のお仕事,医療・ヘルスケア分野に関連する事業を展開し、医療や生活者の健康を支援する企業です。,80,75,40,57,介護・福祉,,35,80,介護職;看護師;福祉系経験者,,,,18,,,18
428,リクルートメディカルキャリア,医療・ヘルスケア分野に関連する事業を展開し、医療や生活者の健康を支援する企業です。,80,75,40,57,その他医療関連,,35,80,医療関連経験者;業界未経験者歓迎,,,,18,,,18
429,メドフィット,医療機器の開発・製造を行い、医療現場で使われる製品を提供しています。,98,90,30,60,医療機器メーカー,,30,80,機械設計;臨床経験者;品質管理,,"医療,臨床,看護,介護,検査",介護・福祉,81,"医療,臨床,看護,介護,検査",介護・福祉,81
430,メディカルジョブセンター,医療・ヘルスケア分野に関連する事業を展開し、医療や生活者の健康を支援する企業です。,80,75,40,57,その他医療関連,,35,80,医療関連経験者;業界未経験者歓迎,,,,18,,,18
431,メディカルワークス,医療・ヘルスケア分野に関連する事業を展開し、医療や生活者の健康を支援する企業です。,80,75,40,57,その他医療関連,,35,80,医療関連経験者;業界未経験者歓迎,,,,18,,,18
432,メディカルプラネット,医療・ヘルスケア分野に関連する事業を展開し、医療や生活者の健康を支援する企業です。,87,90,30,60,介護・福祉,,35,80,医療関連経験者;業界未経験者歓迎,,"医療,看護",,30,"医療,看護",,30
433,ナース人材バンク,医療・ヘルスケア分野に関連する事業を展開し、医療や生活者の健康を支援する企業です。,31,45,75,60,その他医療関連,,45,45,医療関連経験者;業界未経験者歓迎,,,,12,,,12
434,ナースではたらこ,介護・福祉サービスを提供し、高齢者支援や在宅ケアの現場に関わる事業を展開しています。,93,90,30,60,介護・福祉,,35,80,介護職;看護師;福祉系経験者,,"看護,介護",介護・福祉,36,"看護,介護",介護・福祉,36
435,看護roo!,医療・ヘルスケア分野に関連する事業を展開し、医療や生活者の健康を支援する企業です。,96,90,30,60,介護・福祉,,35,80,医療関連経験者;業界未経験者歓迎,,"医療,患者,看護,診断",,63,"医療,患者,看護,診断",,63
436,看護のお仕事,医療・ヘルスケア分野に関連する事業を展開し、医療や生活者の健康を支援する企業です。,83,75,40,57,介護・福祉,,35,80,医療関連経験者;業界未経験者歓迎,,看護,,24,看護,,24
437,コメディカルドットコム,医療機器の開発・製造を行い、医療現場で使われる製品を提供しています。,98,90,30,60,医療機器メーカー,,30,80,機械設計;臨床経験者;品質管理,,"医療,臨床,看護,介護,検査",介護・福祉,81,"医療,臨床,看護,介護,検査",介護・福祉,81
438,PTOT人材バンク,医療機器の開発・製造を行い、医療現場で使われる製品を提供しています。,99,90,30,60,医療機器メーカー,,30,80,機械設計;臨床経験者;品質管理,,"医療,臨床,看護,介護,診断,検査",介護・福祉,90,"医療,臨床,看護,介護,診断,検査",介護・福祉,90
439,医療ワーカー,介護・福祉サービスを提供し、高齢者支援や在宅ケアの現場に関わる事業を展開しています。,97,90,30,60,介護・福祉,,35,80,介護職;看護師;福祉系経験者,,"医療,看護,介護,診断",介護・福祉,72,"医療,看護,介護,診断",介護・福祉,72
440,メディカルバンク,医療・ヘルスケア分野に関連する事業を展開し、医療や生活者の健康を支援する企業です。,80,75,40,57,その他医療関連,,35,80,医療関連経験者;業界未経験者歓迎,,,,18,,,18
441,ドクターズジョブ,医療・ヘルスケア分野に関連する事業を展開し、医療や生活者の健康を支援する企業です。,31,45,75,60,その他医療関連,,45,45,医療関連経験者;業界未経験者歓迎,,,,12,,,12
442,ドクターキャスト,医療・ヘルスケア分野に関連する事業を展開し、医療や生活者の健康を支援する企業です。,87,90,30,60,介護・福祉,,35,80,医療関連経験者;業界未経験者歓迎,,"医療,看護",,30,"医療,看護",,30
443,ドクタービジョン,医療・ヘルスケア分野に関連する事業を展開し、医療や生活者の健康を支援する企業です。,83,75,40,57,その他医療関連,,35,80,医療関連経験者;業界未経験者歓迎,,医療,,24,医療,,24
444,医師転職ドットコム,医療・ヘルスケア分野に関連する事業を展開し、医療や生活者の健康を支援する企業です。,31,45,75,60,その他医療関連,,45,45,医療関連経験者;業界未経験者歓迎,,,,12,,,12
445,民間医局,介護・福祉サービスを提供し、高齢者支援や在宅ケアの現場に関わる事業を展開しています。,93,90,30,60,介護・福祉,,35,80,介護職;看護師;福祉系経験者,,"医療,介護",介護・福祉,36,"医療,介護",介護・福祉,36
446,DtoDコンシェルジュ,医療機器の開発・製造を行い、医療現場で使われる製品を提供しています。,93,90,30,60,医療機器メーカー,,30,80,機械設計;臨床経験者;品質管理,,"医療,患者,検査",,36,"医療,患者,検査",,36
447,医師求人ガイド,医療・ヘルスケア分野に関連する事業を展開し、医療や生活者の健康を支援する企業です。,31,45,75,60,その他医療関連,,45,45,医療関連経験者;業界未経験者歓迎,,,,12,,,12
448,医師転職ナビ,医療・ヘルスケア分野に関連する事業を展開し、医療や生活者の健康を支援する企業です。,31,45,75,60,その他医療関連,,45,45,医療関連経験者;業界未経験者歓迎,,,,12,,,12
449,医師ジョブ,医療・ヘルスケア分野に関連する事業を展開し、医療や生活者の健康を支援する企業です。,31,45,75,60,その他医療関連,,45,45,医療関連経験者;業界未経験者歓迎,,,,12,,,12
450,医師キャリアネット,医療・ヘルスケア分野に関連する事業を展開し、医療や生活者の健康を支援する企業です。,31,45,75,60,その他医療関連,,45,45,医療関連経験者;業界未経験者歓迎,,,,12,,,12
451,医師ステーション,医療・ヘルスケア分野に関連する事業を展開し、医療や生活者の健康を支援する企業です。,31,45,75,60,その他医療関連,,45,45,医療関連経験者;業界未経験者歓迎,,,,12,,,12
452,医師キャリアプラス,医療・ヘルスケア分野に関連する事業を展開し、医療や生活者の健康を支援する企業です。,31,45,75,60,その他医療関連,,45,45,医療関連経験者;業界未経験者歓迎,,,,12,,,12
453,医師キャリアサポート,医療・ヘルスケア分野に関連する事業を展開し、医療や生活者の健康を支援する企業です。,31,45,75,60,その他医療関連,,45,45,医療関連経験者;業界未経験者歓迎,,,,12,,,12
454,医師キャリアリンク,医療・ヘルスケア分野に関連する事業を展開し、医療や生活者の健康を支援する企業です。,31,45,75,60,その他医療関連,,45,45,医療関連経験者;業界未経験者歓迎,,,,12,,,12
455,医師キャリアラボ,医療・ヘルスケア分野に関連する事業を展開し、医療や生活者の健康を支援する企業です。,31,45,75,60,その他医療関連,,45,45,医療関連経験者;業界未経験者歓迎,,,,12,,,12
456,医師キャリアデザイン,医療・ヘルスケア分野に関連する事業を展開し、医療や生活者の健康を支援する企業です。,31,45,75,60,その他医療関連,,45,45,医療関連経験者;業界未経験者歓迎,,,,12,,,12
457,医師キャリアパートナーズ,医療・ヘルスケア分野に関連する事業を展開し、医療や生活者の健康を支援する企業です。,31,45,75,60,その他医療関連,,45,45,医療関連経験者;業界未経験者歓迎,,,,12,,,12
458,医師キャリアエージェント,医療・ヘルスケア分野に関連する事業を展開し、医療や生活者の健康を支援する企業です。,31,45,75,60,その他医療関連,,45,45,医療関連経験者;業界未経験者歓迎,,,,12,,,12
459,医師キャリアマネジメント,医療・ヘルスケア分野に関連する事業を展開し、医療や生活者の健康を支援する企業です。,31,45,75,60,その他医療関連,,45,45,医療関連経験者;業界未経験者歓迎,,,,12,,,12
460,医師キャリアソリューション,医療・ヘルスケア分野に関連する事業を展開し、医療や生活者の健康を支援する企業です。,31,45,75,60,その他医療関連,,45,45,医療関連経験者;業界未経験者歓迎,,,,12,,,12
461,医師キャリアプラットフォーム,医療・ヘルスケア分野に関連する事業を展開し、医療や生活者の健康を支援する企業です。,31,45,75,60,その他医療関連,,45,45,医療関連経験者;業界未経験者歓迎,,,,12,,,12
462,メディカルメディア,医療・ヘルスケア分野に関連する事業を展開し、医療や生活者の健康を支援する企業です。,80,75,40,57,医療メディア・出版,,35,80,医療関連経験者;業界未経験者歓迎,,,,18,,,18
463,ケアネット,医療・ヘルスケア分野に関連する事業を展開し、医療や生活者の健康を支援する企業です。,83,75,40,57,その他医療関連,,35,80,医療関連経験者;業界未経験者歓迎,,医療,,24,医療,,24
464,m3.com,医療機器の開発・製造を行い、医療現場で使われる製品を提供しています。,98,90,30,60,医療機器メーカー,,30,80,機械設計;臨床経験者;品質管理,,"医療,臨床,看護,診断,検査,医療情報",,81,"医療,臨床,看護,診断,検査,医療情報",,81
465,日経メディカル,医療機器の開発・製造を行い、医療現場で使われる製品を提供しています。,99,90,30,60,医療IT・医療データ,,20,80,機械設計;臨床経験者;品質管理,,"医療,臨床,介護,医療機器,診断,検査,オンライン診療","医療機器メーカー,介護・福祉",108,"医療,臨床,介護,医療機器,診断,検査,オンライン診療","医療機器メーカー,介護・福祉",108
466,メディカルトリビューン,医療・ヘルスケア分野に関連する事業を展開し、医療や生活者の健康を支援する企業です。,80,75,40,57,その他医療関連,,35,80,医療関連経験者;業界未経験者歓迎,,,,18,,,18
467,メディカルノート（メディア）,医療・ヘルスケア分野に関連する事業を展開し、医療や生活者の健康を支援する企業です。,80,75,40,57,医療メディア・出版,,35,80,医療関連経験者;業界未経験者歓迎,,,,18,,,18
468,QLife,医療・ヘルスケア分野に関連する事業を展開し、医療や生活者の健康を支援する企業です。,31,45,75,60,その他医療関連,,45,45,医療関連経験者;業界未経験者歓迎,,,,12,,,12
469,メディカルニュース,医療・ヘルスケア分野に関連する事業を展開し、医療や生活者の健康を支援する企業です。,80,75,40,57,その他医療関連,,35,80,医療関連経験者;業界未経験者歓迎,,,,18,,,18
470,メディカルオンライン,医療・ヘルスケア分野に関連する事業を展開し、医療や生活者の健康を支援する企業です。,80,75,40,57,医療IT・医療データ,,20,80,ITエンジニア;医療現場経験者;データサイエンティスト,,,,18,,,18
471,メディカルサーチ,医療・ヘルスケア分野に関連する事業を展開し、医療や生活者の健康を支援する企業です。,80,75,40,57,その他医療関連,,35,80,医療関連経験者;業界未経験者歓迎,,,,18,,,18
472,メディカルプレス,医療・ヘルスケア分野に関連する事業を展開し、医療や生活者の健康を支援する企業です。,80,75,40,57,その他医療関連,,35,80,医療関連経験者;業界未経験者歓迎,,,,18,,,18
473,メディカルジャーナル,医療・ヘルスケア分野に関連する事業を展開し、医療や生活者の健康を支援する企業です。,80,75,40,57,その他医療関連,,35,80,医療関連経験者;業界未経験者歓迎,,,,18,,,18
474,メディカルレビュー,医療・ヘルスケア分野に関連する事業を展開し、医療や生活者の健康を支援する企業です。,80,75,40,57,その他医療関連,,35,80,医療関連経験者;業界未経験者歓迎,,,,18,,,18
475,メディカルレポート,医療・ヘルスケア分野に関連する事業を展開し、医療や生活者の健康を支援する企業です。,80,75,40,57,その他医療関連,,35,80,医療関連経験者;業界未経験者歓迎,,,,18,,,18
476,メディカルデイリー,医療・ヘルスケア分野に関連する事業を展開し、医療や生活者の健康を支援する企業です。,80,75,40,57,その他医療関連,,35,80,医療関連経験者;業界未経験者歓迎,,,,18,,,18
477,メディカルタイムズ,医療・ヘルスケア分野に関連する事業を展開し、医療や生活者の健康を支援する企業です。,80,75,40,57,その他医療関連,,35,80,医療関連経験者;業界未経験者歓迎,,,,18,,,18
478,メディカルニュースジャパン,医療・ヘルスケア分野に関連する事業を展開し、医療や生活者の健康を支援する企業です。,80,75,40,57,その他医療関連,,35,80,医療関連経験者;業界未経験者歓迎,,,,18,,,18
479,メディカルヘッドライン,医療・ヘルスケア分野に関連する事業を展開し、医療や生活者の健康を支援する企業です。,80,75,40,57,その他医療関連,,35,80,医療関連経験者;業界未経験者歓迎,,,,18,,,18
480,メディカルアップデート,医療・ヘルスケア分野に関連する事業を展開し、医療や生活者の健康を支援する企業です。,80,75,40,57,その他医療関連,,35,80,医療関連経験者;業界未経験者歓迎,,,,18,,,18
481,医学書院,医療機器の開発・製造を行い、医療現場で使われる製品を提供しています。,100,90,30,60,医療機器メーカー,,30,80,機械設計;臨床経験者;品質管理,,"医療,患者,臨床,看護,介護,医療機器,診断,検査","医療機器メーカー,介護・福祉",117,"医療,患者,臨床,看護,介護,医療機器,診断,検査","医療機器メーカー,介護・福祉",117
482,南江堂,医療機器の開発・製造を行い、医療現場で使われる製品を提供しています。,96,90,30,60,医療機器メーカー,,30,80,機械設計;臨床経験者;品質管理,,"医療,臨床,看護,検査",,63,"医療,臨床,看護,検査",,63
483,金原出版,医療・ヘルスケア分野に関連する事業を展開し、医療や生活者の健康を支援する企業です。,31,45,75,60,医療メディア・出版,,45,45,医療関連経験者;業界未経験者歓迎,,,,12,,,12
484,中外医学社,医療・ヘルスケア分野に関連する事業を展開し、医療や生活者の健康を支援する企業です。,31,45,75,60,その他医療関連,,45,45,医療関連経験者;業界未経験者歓迎,,,,12,,,12
485,メジカルビュー社,医療機器の開発・製造を行い、医療現場で使われる製品を提供しています。,97,90,30,60,医療機器メーカー,,30,80,機械設計;臨床経験者;品質管理,,"医療,臨床,看護,診断,検査",,72,"医療,臨床,看護,診断,検査",,72
486,羊土社,医療・ヘルスケア分野に関連する事業を展開し、医療や生活者の健康を支援する企業です。,96,90,30,60,介護・福祉,,35,80,医療関連経験者;業界未経験者歓迎,,"医療,患者,臨床,看護",,63,"医療,患者,臨床,看護",,63
487,医学通信社,医療・ヘルスケア分野に関連する事業を展開し、医療や生活者の健康を支援する企業です。,31,45,75,60,その他医療関連,,45,45,医療関連経験者;業界未経験者歓迎,,,,12,,,12
488,医歯薬出版,医療機器の開発・製造を行い、医療現場で使われる製品を提供しています。,99,90,30,60,医療機器メーカー,,30,80,機械設計;臨床経験者;品質管理,,"医療,患者,臨床,看護,介護,診断,検査",介護・福祉,99,"医療,患者,臨床,看護,介護,診断,検査",介護・福祉,99
489,照林社,医療・ヘルスケア分野に関連する事業を展開し、医療や生活者の健康を支援する企業です。,31,45,75,60,その他医療関連,,45,45,医療関連経験者;業界未経験者歓迎,,,,12,,,12
490,学研メディカル秀潤社,医療・ヘルスケア分野に関連する事業を展開し、医療や生活者の健康を支援する企業です。,80,75,40,57,その他医療関連,,35,80,医療関連経験者;業界未経験者歓迎,,,,18,,,18
491,メディカ出版,医療・ヘルスケア分野に関連する事業を展開し、医療や生活者の健康を支援する企業です。,83,75,40,57,医療メディア・出版,,35,80,医療関連経験者;業界未経験者歓迎,,医療,,24,医療,,24
492,医療情報科学研究所,医療機器の開発・製造を行い、医療現場で使われる製品を提供しています。,100,90,30,60,医療機器メーカー,,30,80,機械設計;臨床経験者;品質管理,,"医療,患者,臨床,看護,介護,医療機器,診断,検査","医療機器メーカー,介護・福祉",117,"医療,患者,臨床,看護,介護,医療機器,診断,検査","医療機器メーカー,介護・福祉",117
493,看護教育研究所,医療・ヘルスケア分野に関連する事業を展開し、医療や生活者の健康を支援する企業です。,31,45,75,60,介護・福祉,,45,45,医療関連経験者;業界未経験者歓迎,,,,12,,,12
494,看護研修センター,医療・ヘルスケア分野に関連する事業を展開し、医療や生活者の健康を支援する企業です。,31,45,75,60,介護・福祉,,45,45,医療関連経験者;業界未経験者歓迎,,,,12,,,12
495,看護教育支援センター,医療・ヘルスケア分野に関連する事業を展開し、医療や生活者の健康を支援する企業です。,31,45,75,60,介護・福祉,,45,45,医療関連経験者;業界未経験者歓迎,,,,12,,,12
496,看護教育ソリューション,医療・ヘルスケア分野に関連する事業を展開し、医療や生活者の健康を支援する企業です。,31,45,75,60,介護・福祉,,45,45,医療関連経験者;業界未経験者歓迎,,,,12,,,12
497,看護教育プラットフォーム,医療・ヘルスケア分野に関連する事業を展開し、医療や生活者の健康を支援する企業です。,31,45,75,60,介護・福祉,,45,45,医療関連経験者;業界未経験者歓迎,,,,12,,,12
498,看護教育ラボ,医療・ヘルスケア分野に関連する事業を展開し、医療や生活者の健康を支援する企業です。,31,45,75,60,介護・福祉,,45,45,医療関連経験者;業界未経験者歓迎,,,,12,,,12
499,看護教育デザイン,医療・ヘルスケア分野に関連する事業を展開し、医療や生活者の健康を支援する企業です。,31,45,75,60,介護・福祉,,45,45,医療関連経験者;業界未経験者歓迎,,,,12,,,12
500,看護教育アカデミー,医療・ヘルスケア分野に関連する事業を展開し、医療や生活者の健康を支援する企業です。,31,45,75,60,介護・福祉,,45,45,医療関連経験者;業界未経験者歓迎,,,,12,,,12
501,看護教育センター,医療・ヘルスケア分野に関連する事業を展開し、医療や生活者の健康を支援する企業です。,31,45,75,60,介護・福祉,,45,45,医療関連経験者;業界未経験者歓迎,,,,12,,,12
502,看護教育研究センター,医療・ヘルスケア分野に関連する事業を展開し、医療や生活者の健康を支援する企業です。,31,45,75,60,介護・福祉,,45,45,医療関連経験者;業界未経験者歓迎,,,,12,,,12
503,看護教育支援機構,医療・ヘルスケア分野に関連する事業を展開し、医療や生活者の健康を支援する企業です。,31,45,75,60,介護・福祉,,45,45,医療関連経験者;業界未経験者歓迎,,,,12,,,12
504,看護教育協会,医療・ヘルスケア分野に関連する事業を展開し、医療や生活者の健康を支援する企業です。,31,45,75,60,介護・福祉,,45,45,医療関連経験者;業界未経験者歓迎,,,,12,,,12
505,看護教育財団,医療・ヘルスケア分野に関連する事業を展開し、医療や生活者の健康を支援する企業です。,31,45,75,60,介護・福祉,,45,45,医療関連経験者;業界未経験者歓迎,,,,12,,,12
506,看護教育振興会,医療・ヘルスケア分野に関連する事業を展開し、医療や生活者の健康を支援する企業です。,31,45,75,60,介護・福祉,,45,45,医療関連経験者;業界未経験者歓迎,,,,12,,,12
507,看護教育ネットワーク,医療・ヘルスケア分野に関連する事業を展開し、医療や生活者の健康を支援する企業です。,31,45,75,60,介護・福祉,,45,45,医療関連経験者;業界未経験者歓迎,,,,12,,,12
508,看護教育フォーラム,医療・ヘルスケア分野に関連する事業を展開し、医療や生活者の健康を支援する企業です。,31,45,75,60,介護・福祉,,45,45,医療関連経験者;業界未経験者歓迎,,,,12,,,12
509,看護教育コンソーシアム,医療・ヘルスケア分野に関連する事業を展開し、医療や生活者の健康を支援する企業です。,31,45,75,60,介護・福祉,,45,45,医療関連経験者;業界未経験者歓迎,,,,12,,,12
510,看護教育イノベーション,医療・ヘルスケア分野に関連する事業を展開し、医療や生活者の健康を支援する企業です。,31,45,75,60,介護・福祉,,45,45,医療関連経験者;業界未経験者歓迎,,,,12,,,12
511,看護教育DXセンター,医療・ヘルスケア分野に関連する事業を展開し、医療や生活者の健康を支援する企業です。,31,45,75,60,医療IT・医療データ,,30,45,ITエンジニア;医療現場経験者;データサイエンティスト,,,,12,,,12
512,看護教育AIセンター,医療・ヘルスケア分野に関連する事業を展開し、医療や生活者の健康を支援する企業です。,31,45,75,60,介護・福祉,,45,45,医療関連経験者;業界未経験者歓迎,,,,12,,,12
513,明治（ヘルスケア）,医療・ヘルスケア分野に関連する事業を展開し、医療や生活者の健康を支援する企業です。,80,75,40,57,その他医療関連,,35,80,医療関連経験者;業界未経験者歓迎,,,,18,,,18
514,森永乳業（栄養・医療食品）,医療・ヘルスケア分野に関連する事業を展開し、医療や生活者の健康を支援する企業です。,80,75,40,57,ヘルスケア食品・栄養,,35,80,医療関連経験者;業界未経験者歓迎,,,,18,,,18
515,大塚製薬（栄養・健康）,医療・ヘルスケア分野に関連する事業を展開し、医療や生活者の健康を支援する企業です。,87,90,30,60,製薬・バイオ,,40,80,研究職;臨床開発;薬剤師,,"医療,臨床",,30,"医療,臨床",,30
516,味の素（アミノサイエンス）,医療・ヘルスケア分野に関連する事業を展開し、医療や生活者の健康を支援する企業です。,31,45,75,60,その他医療関連,,45,45,医療関連経験者;業界未経験者歓迎,,,,12,,,12
517,江崎グリコ（健康科学）,医療・ヘルスケア分野に関連する事業を展開し、医療や生活者の健康を支援する企業です。,31,45,75,60,その他医療関連,,45,45,医療関連経験者;業界未経験者歓迎,,,,12,,,12
518,カゴメ（健康事業）,医療・ヘルスケア分野に関連する事業を展開し、医療や生活者の健康を支援する企業です。,31,45,75,60,その他医療関連,,45,45,医療関連経験者;業界未経験者歓迎,,,,12,,,12
519,サントリー（健康科学）,医療・ヘルスケア分野に関連する事業を展開し、医療や生活者の健康を支援する企業です。,31,45,75,60,その他医療関連,,45,45,医療関連経験者;業界未経験者歓迎,,,,12,,,12
520,キユーピー（栄養・健康）,医療・ヘルスケア分野に関連する事業を展開し、医療や生活者の健康を支援する企業です。,31,45,75,60,ヘルスケア食品・栄養,,45,45,医療関連経験者;業界未経験者歓迎,,,,12,,,12
521,日清オイリオ（栄養）,介護・福祉サービスを提供し、高齢者支援や在宅ケアの現場に関わる事業を展開しています。,87,90,30,60,介護・福祉,,35,80,介護職;看護師;福祉系経験者,,介護,介護・福祉,30,介護,介護・福祉,30
522,雪印メグミルク（栄養）,医療・ヘルスケア分野に関連する事業を展開し、医療や生活者の健康を支援する企業です。,31,45,75,60,ヘルスケア食品・栄養,,45,45,医療関連経験者;業界未経験者歓迎,,,,12,,,12
523,ライオン（衛生・ヘルスケア）,医療・ヘルスケア分野に関連する事業を展開し、医療や生活者の健康を支援する企業です。,80,75,40,57,衛生・感染対策,,35,80,医療関連経験者;業界未経験者歓迎,,,,18,,,18
524,ユニ・チャーム（衛生用品）,医療・ヘルスケア分野に関連する事業を展開し、医療や生活者の健康を支援する企業です。,31,45,75,60,衛生・感染対策,,45,45,医療関連経験者;業界未経験者歓迎,,,,12,,,12
525,白十字（医療衛生用品）,医療・ヘルスケア分野に関連する事業を展開し、医療や生活者の健康を支援する企業です。,80,75,40,57,衛生・感染対策,,35,80,医療関連経験者;業界未経験者歓迎,,,,18,,,18
526,ピジョン（ベビー・ヘルスケア）,医療・ヘルスケア分野に関連する事業を展開し、医療や生活者の健康を支援する企業です。,83,75,40,57,その他医療関連,,35,80,医療関連経験者;業界未経験者歓迎,,医療,,24,医療,,24
527,大王製紙（エリエール）,医療・ヘルスケア分野に関連する事業を展開し、医療や生活者の健康を支援する企業です。,31,45,75,60,その他医療関連,,45,45,医療関連経験者;業界未経験者歓迎,,,,12,,,12
528,王子ネピア,医療・ヘルスケア分野に関連する事業を展開し、医療や生活者の健康を支援する企業です。,31,45,75,60,その他医療関連,,45,45,医療関連経験者;業界未経験者歓迎,,,,12,,,12
529,ニチバン（医療・衛生）,医療・ヘルスケア分野に関連する事業を展開し、医療や生活者の健康を支援する企業です。,80,75,40,57,衛生・感染対策,,35,80,医療関連経験者;業界未経験者歓迎,,,,18,,,18
530,オカモト（衛生用品）,医療・ヘルスケア分野に関連する事業を展開し、医療や生活者の健康を支援する企業です。,31,45,75,60,衛生・感染対策,,45,45,医療関連経験者;業界未経験者歓迎,,,,12,,,12
531,川本産業（医療衛生）,介護・福祉サービスを提供し、高齢者支援や在宅ケアの現場に関わる事業を展開しています。,93,90,30,60,介護・福祉,,35,80,介護職;看護師;福祉系経験者,,"医療,介護",介護・福祉,36,"医療,介護",介護・福祉,36
532,大幸薬品（感染対策）,医療・ヘルスケア分野に関連する事業を展開し、医療や生活者の健康を支援する企業です。,83,75,40,57,製薬・バイオ,,40,80,医療関連経験者;業界未経験者歓迎,,医療,,24,医療,,24
533,小林製薬（衛生・健康）,医療・ヘルスケア分野に関連する事業を展開し、医療や生活者の健康を支援する企業です。,31,45,75,60,製薬・バイオ,,50,45,研究職;臨床開発;薬剤師,,,,12,,,12
534,久光製薬（貼付剤・衛生）,医療・ヘルスケア分野に関連する事業を展開し、医療や生活者の健康を支援する企業です。,31,45,75,60,製薬・バイオ,,50,45,研究職;臨床開発;薬剤師,,,,12,,,12
535,龍角散（のど薬）,医療機器の開発・製造を行い、医療現場で使われる製品を提供しています。,93,90,30,60,医療機器メーカー,,30,80,機械設計;臨床経験者;品質管理,,"介護,検査",介護・福祉,36,"介護,検査",介護・福祉,36
536,アース製薬,医療・ヘルスケア分野に関連する事業を展開し、医療や生活者の健康を支援する企業です。,31,45,75,60,製薬・バイオ,,50,45,研究職;臨床開発;薬剤師,,,,12,,,12
537,フマキラー,医療・ヘルスケア分野に関連する事業を展開し、医療や生活者の健康を支援する企業です。,31,45,75,60,その他医療関連,,45,45,医療関連経験者;業界未経験者歓迎,,,,12,,,12
538,KINCHO（大日本除虫菊）,医療・ヘルスケア分野に関連する事業を展開し、医療や生活者の健康を支援する企業です。,31,45,75,60,その他医療関連,,45,45,医療関連経験者;業界未経験者歓迎,,,,12,,,12
539,ジョンソン（衛生用品）,医療・ヘルスケア分野に関連する事業を展開し、医療や生活者の健康を支援する企業です。,31,45,75,60,衛生・感染対策,,45,45,医療関連経験者;業界未経験者歓迎,,,,12,,,12
540,P&Gジャパン（衛生・健康）,医療・ヘルスケア分野に関連する事業を展開し、医療や生活者の健康を支援する企業です。,31,45,75,60,衛生・感染対策,,45,45,医療関連経験者;業界未経験者歓迎,,,,12,,,12
541,花王プロフェッショナル,医療・ヘルスケア分野に関連する事業を展開し、医療や生活者の健康を支援する企業です。,31,45,75,60,その他医療関連,,45,45,医療関連経験者;業界未経験者歓迎,,,,12,,,12
542,サラヤ（衛生・感染対策）,医療機器の開発・製造を行い、医療現場で使われる製品を提供しています。,93,90,30,60,医療機器メーカー,,30,80,機械設計;臨床経験者;品質管理,,"医療,医療機器",医療機器メーカー,36,"医療,医療機器",医療機器メーカー,36
543,エステー（衛生・消臭）,医療・ヘルスケア分野に関連する事業を展開し、医療や生活者の健康を支援する企業です。,31,45,75,60,衛生・感染対策,,45,45,医療関連経験者;業界未経験者歓迎,,,,12,,,12
544,レック（衛生用品）,医療・ヘルスケア分野に関連する事業を展開し、医療や生活者の健康を支援する企業です。,31,45,75,60,衛生・感染対策,,45,45,医療関連経験者;業界未経験者歓迎,,,,12,,,12
545,アイリスオーヤマ（衛生用品）,医療・ヘルスケア分野に関連する事業を展開し、医療や生活者の健康を支援する企業です。,31,45,75,60,衛生・感染対策,,45,45,医療関連経験者;業界未経験者歓迎,,,,12,,,12
546,森永製菓（健康食品）,医療・ヘルスケア分野に関連する事業を展開し、医療や生活者の健康を支援する企業です。,31,45,75,60,ヘルスケア食品・栄養,,45,45,医療関連経験者;業界未経験者歓迎,,,,12,,,12
547,ファンケル（サプリ・健康）,医療・ヘルスケア分野に関連する事業を展開し、医療や生活者の健康を支援する企業です。,31,45,75,60,ヘルスケア食品・栄養,,45,45,医療関連経験者;業界未経験者歓迎,,,,12,,,12
548,DHC（健康食品）,医療・ヘルスケア分野に関連する事業を展開し、医療や生活者の健康を支援する企業です。,31,45,75,60,ヘルスケア食品・栄養,,45,45,医療関連経験者;業界未経験者歓迎,,,,12,,,12
549,オルビス（健康・美容）,医療・ヘルスケア分野に関連する事業を展開し、医療や生活者の健康を支援する企業です。,31,45,75,60,その他医療関連,,45,45,医療関連経験者;業界未経験者歓迎,,,,12,,,12
550,資生堂（健康科学）,医療・ヘルスケア分野に関連する事業を展開し、医療や生活者の健康を支援する企業です。,31,45,75,60,その他医療関連,,45,45,医療関連経験者;業界未経験者歓迎,,,,12,,,12
551,ポーラ（健康・美容）,医療・ヘルスケア分野に関連する事業を展開し、医療や生活者の健康を支援する企業です。,31,45,75,60,その他医療関連,,45,45,医療関連経験者;業界未経験者歓迎,,,,12,,,12
552,コーセー（健康・美容）,医療・ヘルスケア分野に関連する事業を展開し、医療や生活者の健康を支援する企業です。,31,45,75,60,その他医療関連,,45,45,医療関連経験者;業界未経験者歓迎,,,,12,,,12
553,ロート製薬（健康・美容）,医療・ヘルスケア分野に関連する事業を展開し、医療や生活者の健康を支援する企業です。,83,75,40,57,製薬・バイオ,,40,80,研究職;臨床開発;薬剤師,,医療,,24,医療,,24
554,クラシエ（健康・漢方）,医療・ヘルスケア分野に関連する事業を展開し、医療や生活者の健康を支援する企業です。,31,45,75,60,その他医療関連,,45,45,医療関連経験者;業界未経験者歓迎,,,,12,,,12
555,ツムラ（漢方）,医療・ヘルスケア分野に関連する事業を展開し、医療や生活者の健康を支援する企業です。,87,90,30,60,その他医療関連,,35,80,医療関連経験者;業界未経験者歓迎,,"医療,患者",,30,"医療,患者",,30
556,ネスレ日本（健康食品）,医療・ヘルスケア分野に関連する事業を展開し、医療や生活者の健康を支援する企業です。,31,45,75,60,ヘルスケア食品・栄養,,45,45,医療関連経験者;業界未経験者歓迎,,,,12,,,12
557,アサヒグループ食品,医療・ヘルスケア分野に関連する事業を展開し、医療や生活者の健康を支援する企業です。,31,45,75,60,その他医療関連,,45,45,医療関連経験者;業界未経験者歓迎,,,,12,,,12
558,ハウスウェルネスフーズ,医療・ヘルスケア分野に関連する事業を展開し、医療や生活者の健康を支援する企業です。,31,45,75,60,その他医療関連,,45,45,医療関連経験者;業界未経験者歓迎,,,,12,,,12
559,キッコーマン（健康事業）,医療・ヘルスケア分野に関連する事業を展開し、医療や生活者の健康を支援する企業です。,31,45,75,60,その他医療関連,,45,45,医療関連経験者;業界未経験者歓迎,,,,12,,,12
560,ミツカン（健康酢）,医療・ヘルスケア分野に関連する事業を展開し、医療や生活者の健康を支援する企業です。,31,45,75,60,その他医療関連,,45,45,医療関連経験者;業界未経験者歓迎,,,,12,,,12
561,ヤクルト本社,医療・ヘルスケア分野に関連する事業を展開し、医療や生活者の健康を支援する企業です。,31,45,75,60,その他医療関連,,45,45,医療関連経験者;業界未経験者歓迎,,,,12,,,12
562,カルビー（健康食品）,医療・ヘルスケア分野に関連する事業を展開し、医療や生活者の健康を支援する企業です。,31,45,75,60,ヘルスケア食品・栄養,,45,45,医療関連経験者;業界未経験者歓迎,,,,12,,,12
563,日清食品（健康食品）,医療・ヘルスケア分野に関連する事業を展開し、医療や生活者の健康を支援する企業です。,31,45,75,60,ヘルスケア食品・栄養,,45,45,医療関連経験者;業界未経験者歓迎,,,,12,,,12
564,東洋水産（健康食品）,医療・ヘルスケア分野に関連する事業を展開し、医療や生活者の健康を支援する企業です。,31,45,75,60,ヘルスケア食品・栄養,,45,45,医療関連経験者;業界未経験者歓迎,,,,12,,,12
565,マルハニチロ（健康食品）,医療・ヘルスケア分野に関連する事業を展開し、医療や生活者の健康を支援する企業です。,31,45,75,60,ヘルスケア食品・栄養,,45,45,医療関連経験者;業界未経験者歓迎,,,,12,,,12
566,ニプロファーマ（衛生・製剤）,医療・ヘルスケア分野に関連する事業を展開し、医療や生活者の健康を支援する企業です。,31,45,75,60,衛生・感染対策,,45,45,医療関連経験者;業界未経験者歓迎,,,,12,,,12
567,テルモBCT（血液関連）,医療・ヘルスケア分野に関連する事業を展開し、医療や生活者の健康を支援する企業です。,31,45,75,60,その他医療関連,,45,45,医療関連経験者;業界未経験者歓迎,,,,12,,,12
568,日本メジフィジックス（核医学）,医療・ヘルスケア分野に関連する事業を展開し、医療や生活者の健康を支援する企業です。,31,45,75,60,その他医療関連,,45,45,医療関連経験者;業界未経験者歓迎,,,,12,,,12
569,富士レビオ,医療・ヘルスケア分野に関連する事業を展開し、医療や生活者の健康を支援する企業です。,31,45,75,60,その他医療関連,,45,45,医療関連経験者;業界未経験者歓迎,,,,12,,,12
570,積水メディカル,医療・ヘルスケア分野に関連する事業を展開し、医療や生活者の健康を支援する企業です。,80,75,40,57,その他医療関連,,35,80,医療関連経験者;業界未経験者歓迎,,,,18,,,18
571,日本食品分析センター,医療・ヘルスケア分野に関連する事業を展開し、医療や生活者の健康を支援する企業です。,31,45,75,60,その他医療関連,,45,45,医療関連経験者;業界未経験者歓迎,,,,12,,,12
572,日本環境衛生センター,医療機器の開発・製造を行い、医療現場で使われる製品を提供しています。,87,90,30,60,医療機器メーカー,,30,80,機械設計;臨床経験者;品質管理,,"患者,検査",,30,"患者,検査",,30
573,日本予防医学協会,医療機器の開発・製造を行い、医療現場で使われる製品を提供しています。,97,90,30,60,医療機器メーカー,,30,80,機械設計;臨床経験者;品質管理,,"医療,臨床,看護,診断,検査",,72,"医療,臨床,看護,診断,検査",,72
574,日本健康管理協会,医療・ヘルスケア分野に関連する事業を展開し、医療や生活者の健康を支援する企業です。,31,45,75,60,その他医療関連,,45,45,医療関連経験者;業界未経験者歓迎,,,,12,,,12
575,日本食品衛生協会,医療・ヘルスケア分野に関連する事業を展開し、医療や生活者の健康を支援する企業です。,31,45,75,60,衛生・感染対策,,45,45,医療関連経験者;業界未経験者歓迎,,,,12,,,12
576,日本栄養士会,医療・ヘルスケア分野に関連する事業を展開し、医療や生活者の健康を支援する企業です。,31,45,75,60,ヘルスケア食品・栄養,,45,45,医療関連経験者;業界未経験者歓迎,,,,12,,,12
577,日本公衆衛生協会,医療・ヘルスケア分野に関連する事業を展開し、医療や生活者の健康を支援する企業です。,31,45,75,60,衛生・感染対策,,45,45,医療関連経験者;業界未経験者歓迎,,,,12,,,12
578,日本健康科学学会,医療・ヘルスケア分野に関連する事業を展開し、医療や生活者の健康を支援する企業です。,31,45,75,60,その他医療関連,,45,45,医療関連経験者;業界未経験者歓迎,,,,12,,,12
579,日本生活習慣病予防協会,医療・ヘルスケア分野に関連する事業を展開し、医療や生活者の健康を支援する企業です。,31,45,75,60,その他医療関連,,45,45,医療関連経験者;業界未経験者歓迎,,,,12,,,12
580,日本健康教育学会,医療・ヘルスケア分野に関連する事業を展開し、医療や生活者の健康を支援する企業です。,31,45,75,60,教育・研修,,45,45,医療関連経験者;業界未経験者歓迎,,,,12,,,12
581,NTTデータ（医療IT）,医療・ヘルスケア分野に関連する事業を展開し、医療や生活者の健康を支援する企業です。,80,75,40,57,医療IT・医療データ,,20,80,ITエンジニア;医療現場経験者;データサイエンティスト,,,,18,,,18
582,NEC（医療IT）,医療・ヘルスケア分野に関連する事業を展開し、医療や生活者の健康を支援する企業です。,80,75,40,57,医療IT・医療データ,,20,80,ITエンジニア;医療現場経験者;データサイエンティスト,,,,18,,,18
583,富士通（医療IT）,医療・ヘルスケア分野に関連する事業を展開し、医療や生活者の健康を支援する企業です。,87,90,30,60,医療IT・医療データ,,20,80,ITエンジニア;医療現場経験者;データサイエンティスト,,"医療,ヘルスケア",,30,"医療,ヘルスケア",,30
584,日立製作所（医療IT）,医療・ヘルスケア分野に関連する事業を展開し、医療や生活者の健康を支援する企業です。,80,75,40,57,医療IT・医療データ,,20,80,ITエンジニア;医療現場経験者;データサイエンティスト,,,,18,,,18
585,パナソニック（ヘルスケア）,医療・ヘルスケア分野に関連する事業を展開し、医療や生活者の健康を支援する企業です。,80,75,40,57,その他医療関連,,35,80,医療関連経験者;業界未経験者歓迎,,,,18,,,18
586,ソニー（医療機器・AI）,医療・ヘルスケア分野に関連する事業を展開し、医療や生活者の健康を支援する企業です。,80,75,40,57,医療機器メーカー,,30,80,機械設計;臨床経験者;品質管理,,,,18,,,18
587,東芝（医療システム）,医療・ヘルスケア分野に関連する事業を展開し、医療や生活者の健康を支援する企業です。,80,75,40,57,医療IT・医療データ,,20,80,ITエンジニア;医療現場経験者;データサイエンティスト,,,,18,,,18
588,シャープ（ヘルスケア）,医療・ヘルスケア分野に関連する事業を展開し、医療や生活者の健康を支援する企業です。,80,75,40,57,その他医療関連,,35,80,医療関連経験者;業界未経験者歓迎,,,,18,,,18
589,リコー（医療DX）,医療機器の開発・製造を行い、医療現場で使われる製品を提供しています。,83,75,40,57,医療IT・医療データ,,20,80,機械設計;臨床経験者;品質管理,,検査,,24,検査,,24
590,京セラ（医療機器）,医療・ヘルスケア分野に関連する事業を展開し、医療や生活者の健康を支援する企業です。,80,75,40,57,医療機器メーカー,,30,80,機械設計;臨床経験者;品質管理,,,,18,,,18
591,オムロン（ヘルスケア）,医療・ヘルスケア分野に関連する事業を展開し、医療や生活者の健康を支援する企業です。,80,75,40,57,その他医療関連,,35,80,医療関連経験者;業界未経験者歓迎,,,,18,,,18
592,セコム（医療・在宅）,医療・ヘルスケア分野に関連する事業を展開し、医療や生活者の健康を支援する企業です。,80,75,40,57,介護・福祉,,35,80,介護職;看護師;福祉系経験者,,,,18,,,18
593,ALSOK（医療サポート）,医療・ヘルスケア分野に関連する事業を展開し、医療や生活者の健康を支援する企業です。,80,75,40,57,その他医療関連,,35,80,医療関連経験者;業界未経験者歓迎,,,,18,,,18
594,ソフトバンク（ヘルスケア）,介護・福祉サービスを提供し、高齢者支援や在宅ケアの現場に関わる事業を展開しています。,87,90,30,60,介護・福祉,,35,80,介護職;看護師;福祉系経験者,,介護,介護・福祉,30,介護,介護・福祉,30
595,楽天（ヘルスケア）,医療・ヘルスケア分野に関連する事業を展開し、医療や生活者の健康を支援する企業です。,80,75,40,57,その他医療関連,,35,80,医療関連経験者;業界未経験者歓迎,,,,18,,,18
596,LINEヘルスケア,医療・ヘルスケア分野に関連する事業を展開し、医療や生活者の健康を支援する企業です。,80,75,40,57,その他医療関連,,35,80,医療関連経験者;業界未経験者歓迎,,,,18,,,18
597,ヤフー（医療情報）,医療・ヘルスケア分野に関連する事業を展開し、医療や生活者の健康を支援する企業です。,80,75,40,57,その他医療関連,,35,80,医療関連経験者;業界未経験者歓迎,,,,18,,,18
598,Google Japan（ヘルスケア）,医療・ヘルスケア分野に関連する事業を展開し、医療や生活者の健康を支援する企業です。,80,75,40,57,その他医療関連,,35,80,医療関連経験者;業界未経験者歓迎,,,,18,,,18
599,Amazon Japan（ヘルスケア）,医療・ヘルスケア分野に関連する事業を展開し、医療や生活者の健康を支援する企業です。,83,75,40,57,その他医療関連,,35,80,医療関連経験者;業界未経験者歓迎,,ヘルスケア,,24,ヘルスケア,,24
600,Microsoft Japan（ヘルスケア）,医療・ヘルスケア分野に関連する事業を展開し、医療や生活者の健康を支援する企業です。,80,75,40,57,その他医療関連,,35,80,医療関連経験者;業界未経験者歓迎,,,,18,,,18
601,三菱電機（医療システム）,医療・ヘルスケア分野に関連する事業を展開し、医療や生活者の健康を支援する企業です。,80,75,40,57,医療IT・医療データ,,20,80,ITエンジニア;医療現場経験者;データサイエンティスト,,,,18,,,18
602,三井化学（医療材料）,医療・ヘルスケア分野に関連する事業を展開し、医療や生活者の健康を支援する企業です。,80,75,40,57,その他医療関連,,35,80,医療関連経験者;業界未経験者歓迎,,,,18,,,18
603,住友化学（医療材料）,医療・ヘルスケア分野に関連する事業を展開し、医療や生活者の健康を支援する企業です。,80,75,40,57,その他医療関連,,35,80,医療関連経験者;業界未経験者歓迎,,,,18,,,18
604,旭化成（医療・医薬）,医療・ヘルスケア分野に関連する事業を展開し、医療や生活者の健康を支援する企業です。,80,75,40,57,製薬・バイオ,,40,80,研究職;臨床開発;薬剤師,,,,18,,,18
605,東レ（医療材料）,医療・ヘルスケア分野に関連する事業を展開し、医療や生活者の健康を支援する企業です。,80,75,40,57,その他医療関連,,35,80,医療関連経験者;業界未経験者歓迎,,,,18,,,18
606,クラレ（医療材料）,医療・ヘルスケア分野に関連する事業を展開し、医療や生活者の健康を支援する企業です。,80,75,40,57,その他医療関連,,35,80,医療関連経験者;業界未経験者歓迎,,,,18,,,18
607,積水化学工業（医療）,医療・ヘルスケア分野に関連する事業を展開し、医療や生活者の健康を支援する企業です。,80,75,40,57,その他医療関連,,35,80,医療関連経験者;業界未経験者歓迎,,,,18,,,18
608,三菱ケミカル（医療材料）,医療・ヘルスケア分野に関連する事業を展開し、医療や生活者の健康を支援する企業です。,80,75,40,57,その他医療関連,,35,80,医療関連経験者;業界未経験者歓迎,,,,18,,,18
609,JSR（バイオ・医療材料）,医療・ヘルスケア分野に関連する事業を展開し、医療や生活者の健康を支援する企業です。,80,75,40,57,製薬・バイオ,,40,80,研究職;臨床開発;薬剤師,,,,18,,,18
610,信越化学工業（医療材料）,医療・ヘルスケア分野に関連する事業を展開し、医療や生活者の健康を支援する企業です。,80,75,40,57,その他医療関連,,35,80,医療関連経験者;業界未経験者歓迎,,,,18,,,18
611,ヤマト運輸（医療物流）,医療・ヘルスケア分野に関連する事業を展開し、医療や生活者の健康を支援する企業です。,80,75,40,57,医療物流,,35,80,医療関連経験者;業界未経験者歓迎,,,,18,,,18
612,佐川急便（医療物流）,医療・ヘルスケア分野に関連する事業を展開し、医療や生活者の健康を支援する企業です。,80,75,40,57,医療物流,,35,80,医療関連経験者;業界未経験者歓迎,,,,18,,,18
613,日本郵便（医療配送）,医療・ヘルスケア分野に関連する事業を展開し、医療や生活者の健康を支援する企業です。,80,75,40,57,医療物流,,35,80,医療関連経験者;業界未経験者歓迎,,,,18,,,18
614,日通（医療物流）,医療・ヘルスケア分野に関連する事業を展開し、医療や生活者の健康を支援する企業です。,80,75,40,57,医療物流,,35,80,医療関連経験者;業界未経験者歓迎,,,,18,,,18
615,日本ロジテム（医療物流）,医療・ヘルスケア分野に関連する事業を展開し、医療や生活者の健康を支援する企業です。,80,75,40,57,医療物流,,35,80,医療関連経験者;業界未経験者歓迎,,,,18,,,18
616,センコー（医療物流）,医療・ヘルスケア分野に関連する事業を展開し、医療や生活者の健康を支援する企業です。,80,75,40,57,医療物流,,35,80,医療関連経験者;業界未経験者歓迎,,,,18,,,18
617,トランコム（医療物流）,医療・ヘルスケア分野に関連する事業を展開し、医療や生活者の健康を支援する企業です。,80,75,40,57,医療物流,,35,80,医療関連経験者;業界未経験者歓迎,,,,18,,,18
618,鴻池運輸（医療物流）,医療機器の開発・製造を行い、医療現場で使われる製品を提供しています。,83,75,40,57,医療機器メーカー,,30,80,機械設計;臨床経験者;品質管理,,検査,,24,検査,,24
619,丸和運輸機関（医療物流）,医療・ヘルスケア分野に関連する事業を展開し、医療や生活者の健康を支援する企業です。,80,75,40,57,医療物流,,35,80,医療関連経験者;業界未経験者歓迎,,,,18,,,18
620,SBSホールディングス（医療物流）,医療・ヘルスケア分野に関連する事業を展開し、医療や生活者の健康を支援する企業です。,80,75,40,57,医療物流,,35,80,医療関連経験者;業界未経験者歓迎,,,,18,,,18
621,ダイキン（空調・医療環境）,医療・ヘルスケア分野に関連する事業を展開し、医療や生活者の健康を支援する企業です。,80,75,40,57,その他医療関連,,35,80,医療関連経験者;業界未経験者歓迎,,,,18,,,18
622,三菱重工（医療設備）,医療・ヘルスケア分野に関連する事業を展開し、医療や生活者の健康を支援する企業です。,80,75,40,57,その他医療関連,,35,80,医療関連経験者;業界未経験者歓迎,,,,18,,,18
623,川崎重工（医療ロボット）,医療・ヘルスケア分野に関連する事業を展開し、医療や生活者の健康を支援する企業です。,80,75,40,57,その他医療関連,,35,80,医療関連経験者;業界未経験者歓迎,,,,18,,,18
624,安川電機（医療ロボット）,医療・ヘルスケア分野に関連する事業を展開し、医療や生活者の健康を支援する企業です。,80,75,40,57,その他医療関連,,35,80,医療関連経験者;業界未経験者歓迎,,,,18,,,18
625,ファナック（ロボット・医療）,医療・ヘルスケア分野に関連する事業を展開し、医療や生活者の健康を支援する企業です。,80,75,40,57,その他医療関連,,35,80,医療関連経験者;業界未経験者歓迎,,,,18,,,18
626,オークマ（精密機器）,医療・ヘルスケア分野に関連する事業を展開し、医療や生活者の健康を支援する企業です。,31,45,75,60,医療機器メーカー,,40,45,医療関連経験者;業界未経験者歓迎,,,,12,,,12
627,DMG森精機（精密医療部品）,医療・ヘルスケア分野に関連する事業を展開し、医療や生活者の健康を支援する企業です。,80,75,40,57,その他医療関連,,35,80,医療関連経験者;業界未経験者歓迎,,,,18,,,18
628,THK（医療機器部品）,医療・ヘルスケア分野に関連する事業を展開し、医療や生活者の健康を支援する企業です。,80,75,40,57,医療機器メーカー,,30,80,機械設計;臨床経験者;品質管理,,,,18,,,18
629,日本精工（医療部品）,医療・ヘルスケア分野に関連する事業を展開し、医療や生活者の健康を支援する企業です。,80,75,40,57,その他医療関連,,35,80,医療関連経験者;業界未経験者歓迎,,,,18,,,18
630,NTN（医療部品）,医療・ヘルスケア分野に関連する事業を展開し、医療や生活者の健康を支援する企業です。,80,75,40,57,その他医療関連,,35,80,医療関連経験者;業界未経験者歓迎,,,,18,,,18
631,東京エレクトロン（医療材料製造）,医療・ヘルスケア分野に関連する事業を展開し、医療や生活者の健康を支援する企業です。,80,75,40,57,その他医療関連,,35,80,医療関連経験者;業界未経験者歓迎,,,,18,,,18
632,SCREENホールディングス（医療材料）,医療機器の開発・製造を行い、医療現場で使われる製品を提供しています。,93,90,30,60,医療機器メーカー,,30,80,機械設計;臨床経験者;品質管理,,"医療,医療機器",医療機器メーカー,36,"医療,医療機器",医療機器メーカー,36
633,ニコン（医療光学）,医療・ヘルスケア分野に関連する事業を展開し、医療や生活者の健康を支援する企業です。,80,75,40,57,その他医療関連,,35,80,医療関連経験者;業界未経験者歓迎,,,,18,,,18
634,キヤノン（医療機器）,医療・ヘルスケア分野に関連する事業を展開し、医療や生活者の健康を支援する企業です。,80,75,40,57,医療機器メーカー,,30,80,機械設計;臨床経験者;品質管理,,,,18,,,18
635,富士フイルム（医療）,医療機器の開発・製造を行い、医療現場で使われる製品を提供しています。,98,90,30,60,医療機器メーカー,,30,80,機械設計;臨床経験者;品質管理,,"医療,臨床,ヘルスケア,診断,検査,画像診断",,81,"医療,臨床,ヘルスケア,診断,検査,画像診断",,81
636,HOYA（医療光学）,介護・福祉サービスを提供し、高齢者支援や在宅ケアの現場に関わる事業を展開しています。,93,90,30,60,介護・福祉,,35,80,介護職;看護師;福祉系経験者,,"医療,介護",介護・福祉,36,"医療,介護",介護・福祉,36
637,浜松ホトニクス（医療光学）,医療・ヘルスケア分野に関連する事業を展開し、医療や生活者の健康を支援する企業です。,80,75,40,57,その他医療関連,,35,80,医療関連経験者;業界未経験者歓迎,,,,18,,,18
638,オリンパス（医療光学）,医療・ヘルスケア分野に関連する事業を展開し、医療や生活者の健康を支援する企業です。,80,75,40,57,その他医療関連,,35,80,医療関連経験者;業界未経験者歓迎,,,,18,,,18
639,シスメックス（検査機器）,医療・ヘルスケア分野に関連する事業を展開し、医療や生活者の健康を支援する企業です。,31,45,75,60,医療機器メーカー,,40,45,機械設計;臨床経験者;品質管理,,,,12,,,12
640,日本光電（医療機器）,医療機器の開発・製造を行い、医療現場で使われる製品を提供しています。,93,90,30,60,医療機器メーカー,,30,80,機械設計;臨床経験者;品質管理,,"医療,医療機器",医療機器メーカー,36,"医療,医療機器",医療機器メーカー,36
641,大和ハウス（医療施設建設）,医療・ヘルスケア分野に関連する事業を展開し、医療や生活者の健康を支援する企業です。,80,75,40,57,その他医療関連,,35,80,医療関連経験者;業界未経験者歓迎,,,,18,,,18
642,積水ハウス（医療施設）,介護・福祉サービスを提供し、高齢者支援や在宅ケアの現場に関わる事業を展開しています。,93,90,30,60,介護・福祉,,35,80,介護職;看護師;福祉系経験者,,"医療,介護",介護・福祉,36,"医療,介護",介護・福祉,36
643,清水建設（医療施設）,医療・ヘルスケア分野に関連する事業を展開し、医療や生活者の健康を支援する企業です。,80,75,40,57,その他医療関連,,35,80,医療関連経験者;業界未経験者歓迎,,,,18,,,18
644,大林組（医療施設）,医療・ヘルスケア分野に関連する事業を展開し、医療や生活者の健康を支援する企業です。,80,75,40,57,その他医療関連,,35,80,医療関連経験者;業界未経験者歓迎,,,,18,,,18
645,鹿島建設（医療施設）,医療・ヘルスケア分野に関連する事業を展開し、医療や生活者の健康を支援する企業です。,80,75,40,57,その他医療関連,,35,80,医療関連経験者;業界未経験者歓迎,,,,18,,,18
646,竹中工務店（医療施設）,医療・ヘルスケア分野に関連する事業を展開し、医療や生活者の健康を支援する企業です。,80,75,40,57,その他医療関連,,35,80,医療関連経験者;業界未経験者歓迎,,,,18,,,18
647,前田建設（医療施設）,医療・ヘルスケア分野に関連する事業を展開し、医療や生活者の健康を支援する企業です。,80,75,40,57,その他医療関連,,35,80,医療関連経験者;業界未経験者歓迎,,,,18,,,18
648,戸田建設（医療施設）,医療・ヘルスケア分野に関連する事業を展開し、医療や生活者の健康を支援する企業です。,80,75,40,57,その他医療関連,,35,80,医療関連経験者;業界未経験者歓迎,,,,18,,,18
649,長谷工コーポレーション（医療施設）,医療・ヘルスケア分野に関連する事業を展開し、医療や生活者の健康を支援する企業です。,80,75,40,57,その他医療関連,,35,80,医療関連経験者;業界未経験者歓迎,,,,18,,,18
650,大成建設（医療施設）,医療・ヘルスケア分野に関連する事業を展開し、医療や生活者の健康を支援する企業です。,80,75,40,57,その他医療関連,,35,80,医療関連経験者;業界未経験者歓迎,,,,18,,,18
651,オリックス（医療機器レンタル）,医療・ヘルスケア分野に関連する事業を展開し、医療や生活者の健康を支援する企業です。,80,75,40,57,医療機器メーカー,,30,80,機械設計;臨床経験者;品質管理,,,,18,,,18
652,三井住友ファイナンス＆リース（医療）,医療・ヘルスケア分野に関連する事業を展開し、医療や生活者の健康を支援する企業です。,80,75,40,57,その他医療関連,,35,80,医療関連経験者;業界未経験者歓迎,,,,18,,,18
653,東京センチュリー（医療機器）,医療・ヘルスケア分野に関連する事業を展開し、医療や生活者の健康を支援する企業です。,80,75,40,57,医療機器メーカー,,30,80,機械設計;臨床経験者;品質管理,,,,18,,,18
654,芙蓉総合リース（医療機器）,医療・ヘルスケア分野に関連する事業を展開し、医療や生活者の健康を支援する企業です。,80,75,40,57,医療機器メーカー,,30,80,機械設計;臨床経験者;品質管理,,,,18,,,18
655,日医工（医療材料）,医療・ヘルスケア分野に関連する事業を展開し、医療や生活者の健康を支援する企業です。,87,90,30,60,その他医療関連,,35,80,医療関連経験者;業界未経験者歓迎,,"医療,患者",,30,"医療,患者",,30
656,共和（医療材料）,医療・ヘルスケア分野に関連する事業を展開し、医療や生活者の健康を支援する企業です。,83,75,40,57,その他医療関連,,35,80,医療関連経験者;業界未経験者歓迎,,医療,,24,医療,,24
657,日本バイリーン（医療材料）,医療・ヘルスケア分野に関連する事業を展開し、医療や生活者の健康を支援する企業です。,80,75,40,57,その他医療関連,,35,80,医療関連経験者;業界未経験者歓迎,,,,18,,,18
658,アズワン（医療用品）,医療・ヘルスケア分野に関連する事業を展開し、医療や生活者の健康を支援する企業です。,87,90,30,60,介護・福祉,,35,80,医療関連経験者;業界未経験者歓迎,,"医療,看護",,30,"医療,看護",,30
659,サクラ精機（医療設備）,医療・ヘルスケア分野に関連する事業を展開し、医療や生活者の健康を支援する企業です。,80,75,40,57,その他医療関連,,35,80,医療関連経験者;業界未経験者歓迎,,,,18,,,18
660,ホギメディカル（医療用品）,医療・ヘルスケア分野に関連する事業を展開し、医療や生活者の健康を支援する企業です。,80,75,40,57,その他医療関連,,35,80,医療関連経験者;業界未経験者歓迎,,,,18,,,18
